name,symbol
1 800 Flowers Com,FLWS
1st Source Corp,SRCE
21st Centy Hldg Co,TCHC
3-D Sys Corp Del,DDD
3m Co,MMM
8x8 Inc New,EGHT
A H Belo Corp,AHC
A123 Sys Inc,AONE
Aaon Inc,AAON
Aar Corp,AIR
Aaron Rents Inc,AAN
Aastrom Biosciences Inc,ASTM
Abaxis Inc,ABAX
Abbott Labs,ABT
Abercrombie & Fitch,ANF
Abiomed Inc,ABMD
Abm Inds Inc,ABM
Abraxas Pete Corp,AXAS
Acacia Resh Corp,ACTG
Acadia Pharmaceutica,ACAD
Acadia Rlty Tr,AKR
Accelreight Technolo,AXK
Accelrys Inc,ACCL
Access Natl Corp,ANCX
Acco Brands Corp,ACCO
Accretive Health Inc,AH
Accuray Inc,ARAY
Accuride Corp New,ACW
Acelrx Pharmaceuticals,ACRX
Aceto Chem Inc,ACET
Achillion Pharmaceut,ACHN
Aci Worldwide Inc,ACIW
Acme Packet Inc,APKT
Acme Utd Corp,ACU
Acorda Therapeutics,ACOR
Acorn Factor Inc,ACFN
Active Network Inc,ACTV
Active Power Inc,ACPW
Activision Blizzard Inc,ATVI
Actuant Corp,ATU
Actuate Software Cor,BIRT
Acuity Brands Inc,AYI
Acura Pharmaceuticals I,ACUR
Acxiom Corp,ACXM
Ada Es Inc,ADES
Adamis Pharmaceuticals,ADMP
Adams Res & Energy I,AE
Adcare Health System,ADK
Addus Homecare Corp,ADUS
Addvantage Media Gro,AEY
Adept Technology Inc,ADEP
Adobe Sys Inc,ADBE
Adtran Inc,ADTN
Advanced Auto Parts,AAP
Advanced Energy Inds,AEIS
Advanced Environ Rec,AERT
Advanced Micro Devic,AMD
Advanced Photonix In,API
Advent Software Inc,ADVS
Adventrx Pharmaceutical,ANX
Advisory Brd Co,ABCO
Advocat Inc,AVCA
Aecom Technology Corp D,ACM
Aegerion Pharmaceutical,AEGR
Aegion Corp,AEGN
Aehr Test Systems,AEHR
Aep Inds Inc,AEPI
Aerocentury Corp,ACY
Aeroflex Hldg Corp,ARX
Aeropostale,ARO
Aerovironment Inc,AVAV
Aes Corp,AES
Aetna Inc,AET
Aetrium Inc,ATRM
Afc Enterprises Inc,AFCE
Affiliated Managers,AMG
Affymax Inc,AFFY
Affymetrix Inc,AFFX
Aflac Inc,AFL
Ag Mtg Invt Tr Inc,MITT
Agco Corp,AGCO
Agenus Inc,AGEN
Agilent Technologies,A
Agilysys Inc,AGYS
Agl Res Inc,GAS
Agree Realty Corp,ADC
Air Lease Corp,AL
Air Methods Corp,AIRM
Air Prods & Chems In,APD
Air T Inc,AIRT
Air Trans Hldgs Inc,ATSG
Aircastle Ltd,AYR
Airgas Inc,ARG
Ak Stl Hldg Corp,AKS
Akamai Technologies,AKAM
Akorn Inc,AKRX
Alamo Group Inc,ALG
Alaska Airgroup,ALK
Alaska Communication,ALSK
Albany Intl Corp,AIN
Albany Molecular Res,AMRI
Albemarle Corp,ALB
Alco Stores Inc,ALCS
Alcoa Inc,AA
Alere Inc,ALR
Alexander & Baldwin Inc,ALEX
Alexanders Inc,ALX
Alexandria Real Esta,ARE
Alexion Pharmaceutic,ALXN
Alexza Pharmaceuticals,ALXA
Alico Inc,ALCO
Align Technology Inc,ALGN
Alimera Sciences Inc,ALIM
Alkermes Plc,ALKS
Alleghany Corp,Y
Allegheny Technologi,ATI
Allegiant Travel Co,ALGT
Allergan Inc,AGN
Allete Inc,ALE
Alliance Bankshares,ABVA
Alliance Data System,ADS
Alliance Fiber Optic Pr,AFOP
Alliance Financial C,ALNC
Alliance Holdings Gp,AHGP
Alliance Imaging Inc,AIQ
Alliance One Intl In,AOI
Alliance Resource Pa,ARLP
Alliancebernstein Ho,AB
Alliant Corp,LNT
Alliant Techsystems,ATK
Allied Healthcare Pr,AHPI
Allied Motion Techno,AMOT
Allied Nevada Gold Corp,ANV
Allison Transmission Hl,ALSN
Allos Therapeutics I,ALTH
Allscripts Healthcar,MDRX
Allstate Corp,ALL
Almost Family Inc,AFAM
Alnylam Pharmaceutic,ALNY
Alon Usa Energy Inc,ALJ
Alpha & Omega Semicondu,AOSL
Alpha Natural Resour,ANR
Alphatec Holdings In,ATEC
Altair Nanotechnologies,ALTI
Altera Corp,ALTR
Alterra Capital Holding,ALTE
Altisource Portfolio So,ASPS
Altra Holdings Inc,AIMC
Altria Group Inc,MO
Amag Pharmaceuticals In,AMAG
Amarillo Biosciences,AMAR
Amazon Com Inc,AMZN
Ambassadors Group In,EPAX
Amc Networks Inc,AMCX
Amcol Intl Corp,ACO
Amedisys Inc,AMED
Amerco,UHAL
Ameren Corp,AEE
American Apparel Inc,APP
American Assets Tr Inc,AAT
American Axle & Mfg,AXL
American Campus Cmnt,ACC
American Cap Ltd,ACAS
American Capital Agency,AGNC
American Caresource,ANCI
American Eagle Outfi,AEO
American Elec Pwr In,AEP
American Elect Tech Inc,AETI
American Eqty Invt L,AEL
American Express Co,AXP
American Finl Group,AFG
American Greetings,AM
American Intl Group Inc,AIG
American Midstream Part,AMID
American Natl Banksh,AMNB
American Natl Ins Co,ANAT
American Pac Corp,APFC
American Public Educati,APEI
American Railcar Ind,ARII
American Reprographi,ARC
American Riv Hldgs,AMRB
American Rlty Cap Pptys,ARCP
American Rlty Invs I,ARL
American Safety Ins,ASI
American Science &En,ASEI
American Shared Hosp,AMS
American Software In,AMSW.A
American Spectrum Re,AQQ
American Sts Wtr Co,AWR
American Superconduc,AMSC
American Tower Reit,AMT
American Vanguard Co,AVD
American Woodmark Co,AMWD
American Wtr Wks Co Inc,AWK
Americas Car Mart In,CRMT
Amerigas Partners L,APU
Amerigon Inc,THRM
Amerigroup Corp,AGP
Ameriprise Finl Inc,AMP
Ameris Bancorp,ABCB
Amerisafe Inc,AMSF
Ameriserv Finl Inc,ASRV
Amerisourcebergen Co,ABC
Ameristar Casinos In,ASCA
Amerityre Corp,AMTY
Ames Natl Corp,ATLO
Ametek Inc New,AME
Amgen,AMGN
Amicus Therapeutics Inc,FOLD
Amkor Technology Inc,AMKR
Amn Healthcare Servi,AHS
Ampal Amern Israel Corp,AMPL
Ampco-Pittsburgh Cor,AP
Amphenol Corp New,APH
Ampio Pharmaceuticals I,AMPE
Amrep Corp New,AXR
Amsurg Corp,AMSG
Amtech Sys Inc,ASYS
Amtrust Financial Se,AFSI
Amylin Pharmaceutica,AMLN
Amyris Inc,AMRS
Anacor Pharmaceuticals,ANAC
Anadarko Pete Corp,APC
Anadigics Inc,ANAD
Analog Devices Inc,ADI
Analogic Corp,ALOG
Analysts Intl Corp,ANLY
Anaren Inc,ANEN
Ancestry Com Inc,ACOM
Andersons Inc,ANDE
Andrea Radio Corp,ANDR
Angies List Inc,ANGI
Angiodynamics Inc,ANGO
Anika Resh Inc,ANIK
Anixter Intl Inc,AXE
Ann Inc,ANN
Annaly Capital Mgmt.,NLY
Ansys Inc,ANSS
Antares Pharma Inc,ATRS
Anthera Pharmaceuticals,ANTH
Anworth Mtge Assets,ANH
Aol Inc,AOL
Apache Corp,APA
Apartment Invt & Mgm,AIV
Apco Oil & Gas Internat,APAG.F
Apogee Enterprises,APOG
Apollo Coml Real Est Fi,ARI
Apollo Group Inc,APOL
Apollo Invt Corp,AINV
Apollo Residential Mtg,AMTG
Apple Inc,AAPL
Appliance Recycling,ARCI
Applied Energetics Inc,AERG
Applied Indl Technol,AIT
Applied Materials In,AMAT
Applied Micro Circuits,AMCC
Applied Visual Sciences,APVS
Approach Resources Inc,AREX
Apricus Biosciences Inc,APRI
Aptargroup Inc,ATR
Aqua America Inc,WTR
Arabian Shield Dev,ARSD
Arbitron,ARB
Arbor Rlty Tr Inc,ABR
Arca Biopharma Inc,ABIO
Arch Cap Group Ltd,ACGL
Arch Coal Inc,ACI
Archer Daniels Midla,ADM
Arctic Cat Inc,ACAT
Arden Group Inc,ARDN.A
Arena Pharmaceutical,ARNA
Ares Coml Real Estate C,ACRE
Argan Inc,AGX
Argo Group Intl Hldgs L,AGII
Ariad Pharmaceutical,ARIA
Ariba Inc,ARBA
Ark Restaurants Corp,ARKR
Arkansas Best Corp,ABFS
Arlington Asset Invt Co,AI
Armour Residential Reit,ARR
Armstrong World Inds,AWI
Arotech Corp,ARTX
Arqule Inc,ARQL
Array Biopharma Inc,ARRY
Arrhythmia Resh Tech,HRT
Arris Group Inc,ARRS
Arrow Electrs Inc,ARW
Arrow Finl Corp,AROW
Arrowhead Resh Corp,ARWR
Artesian Res Corp,ARTN.A
Arthrocare Corp,ARTC
Artio Global Invs Inc,ART
Arts Way Mfg Inc,ARTW
Aruba Networks Inc,ARUN
Asb Bancorp Inc N C,ASBB
Asbury Automotive Gr,ABG
Ascena Retail Group Inc,ASNA
Ascent Media Corp,ASCM.A
Ascent Solar Technol,ASTI
Ashford Hospitality,AHT
Ashland Inc New,ASH
Aspen Insurance Hold,AHL
Aspen Technology Inc,AZPN
Aspenbio Pharma Inc,APPY
Asset Accep Cap Corp,AACC
Assisted Living Concpt,ALC
Associated Banc Corp,ASBC
Associated Estates R,AEC
Assurant Inc,AIZ
Assured Guaranty Ltd,AGO
Asta Fdg Inc,ASFI
Astea Intl Inc,ATEA
Astec Inds Inc,ASTE
Astex Pharmaceuticals I,ASTX
Astoria Finl Corp,AF
Astro Med Inc New,ALOT
Astronics Corp,ATRO
Astrotech Corp,ASTC
Asure Software Inc,ASUR
At&T Inc,T
Atc Group Inc,ATC
Athenahealth Inc,ATHN
Atlantic Amern Corp,AAME
Atlantic Coast Finl Cor,ACFC
Atlantic Tele Networ,ATNI
Atlas Air Worldwide,AAWW
Atlas Energy Lp,ATLS
Atlas Pipeline Partn,APL
Atmel Corp,ATML
Atmi Inc,ATMI
Atmos Energy Corp,ATO
Atp Oil & Gas Corp,ATPG
Atricure Inc,ATRC
Atrion Corp,ATRI
Atwood Oceanics Inc,ATW
Audience Inc,ADNC
Authentec Inc,AUTH
Authentidate Hldg Corp,ADAT
Autobytel Inc,ABTL
Autodesk Inc,ADSK
Autoliv Inc,ALV
Automatic Data Proce,ADP
Autonation Inc,AN
Autozone Inc,AZO
Auxilium Pharmaceuti,AUXL
Av Homes Inc,AVHI
Avalon Hldgs Corp,AWX
Avalonbay Cmntys Inc,AVB
Avanir Pharmaceutica,AVNR
Aveo Pharmaceuticals In,AVEO
Avery Dennison Corp,AVY
Aviat Networks Inc,AVNW
Avid Technology Inc,AVID
Avis Budget Group,CAR
Avista Corp,AVA
Avnet Inc,AVT
Avon Prods Inc,AVP
Avx Corp New,AVX
Aware Inc Mass,AWRE
Axcelis Technologies,ACLS
Axion International Hol,AXIH
Axis Capital Holding,AXS
Axt Inc,AXTI
Azz Inc,AZZ
B & G Foods Inc New,BGS
Babcock & Wilcox Co New,BWC
Badger Meter Inc,BMI
Baker Hughes Inc,BHI
Baker Michael Corp,BKR
Balchem Corp,BCPC
Baldwin & Lyons Inc,BWIN.B
Ball Corp,BLL
Ballantyne Omaha Inc,BTN
Bally Technologies I,BYI
Bancfirst Corp,BANF
Bancorp Inc Del,TBBK
Bancorpsouth Inc,BXS
Banctrust Financial,BTFG
Bank Amer Corp,BAC
Bank Hawaii Corp,BOH
Bank Ky Finl Corp,BKYF
Bank Mutual Corp New,BKMU
Bank Of Marin Bancorp,BMRC
Bank Of New York Mellon,BK
Bank Of The Ozarks I,OZRK
Bank South Carolina,BKSC
Bank Southn Ore Medf,CBAN
Bankfinancial Corp,BFIN
Bankrate Inc Del,RATE
Bankunited Inc,BKU
Banner Corp,BANR
Bar Hbr Bankshares,BHB
Bard C R Inc,BCR
Barnes & Nobles Inc,BKS
Barnes Group Inc,B
Barnwell Inds Inc,BRN
Barrett Bill Corp,BBG
Barrett Business Ser,BBSI
Barry R G Corp Ohio,DFZ
Basic Energy Svcs In,BAS
Bassett Furniture In,BSET
Baxter Intl Inc,BAX
Bazaarvoice Inc,BV
Bb&T Corp,BBT
Bbcn Bancorp Inc,BBCN
Bbx Cap Corp,BBX
Bcb Bancorp Inc,BCBP
Be Aerospace Inc,BEAV
Beacon Fed Bancorp Inc,BFED
Beacon Roofing Suppl,BECN
Beam Inc,BEAM
Beasley Broadcast Gr,BBGI
Beazer Homes Usa Inc,BZH
Bebe Stores Inc,BEBE
Becton Dickinson,BDX
Bed Bath & Beyond In,BBBY
Bel Fuse Inc,BELF.B
Belden Cdt Inc,BDC
Belo A H Corp,BLC
Bemis Inc,BMS
Benchmark Electrs In,BHE
Beneficial Mutual Banco,BNCL
Benihana Inc,BNHN
Berkley W R Corp,WRB
Berkshire Bancorp In,BERK
Berkshire Hathaway Inc,BRK.B
Berkshire Hills Banc,BHLB
Berry Pete Co,BRY
Best Buy Inc,BBY
Bg Medicine Inc,BGMD
Bgc Partners Inc,BGCP
Bidz Com Inc,BIDZ
Big 5 Sporting Goods,BGFV
Big Lots Inc,BIG
Biglari Hldgs Inc,BH
Bio Rad Labs Inc,BIO
Bio-Reference Labs I,BRLI
Bioanalytical Sys In,BASI
Bioclinica Inc,BIOC
Biocryst Pharmaceu,BCRX
Biodel Inc,BIOD
Biodelivery Sciences,BDSI
Biofuel Energy Corp,BIOF
Biogen Idec Inc,BIIB
Bioject Med Tech Inc,BJCT
Biolase Technology I,BIOL
Biomarin Pharmaceuti,BMRN
Biomed Realty Trust,BMR
Biomimetic Therapeut,BMTI
Biosante Pharmaceutical,BPAX
Bioscript Inc,BIOS
Biospecifics Technol,BSTC
Biotime Inc,BTX
Bjs Restaurants Inc,BJRI
Black Box Corp Del,BBOX
Black Diamond Inc,BDE
Black Hills Pwr & Lt,BKH
Blackbaud Inc,BLKB
Blackrock Inc,BLK
Blackstone Group L P,BX
Block H & R Inc,HRB
Blonder Tongue Labs,BDR
Blount Intl Inc New,BLT
Blucora Inc,BCOR
Blue Nile Inc,NILE
Bluefly Inc,BFLY
Bluegreen Corp,BXG
Blueknight Energy Partn,BKEP
Bluelinx Hldgs Inc,BXC
Blyth Inc,BTH
Bmc Software Inc,BMC
Bnc Bancorp,BNCN
Boardwalk Pipeline P,BWP
Bob Evans Farms Inc,BOBE
Body Cent Acquisition C,BODY
Boeing Co,BA
Bofi Hldg Inc,BOFI
Boingo Wireless Inc,WIFI
Boise Inc,BZ
Bok Finl Corp,BOKF
Bolt Technology Corp,BOLT
Bon-Ton Stores Inc,BONT
Bonanza Creek Energy In,BCEI
Books-A-Million Inc,BAMM
Booz Allen Hamilton Hld,BAH
Borg-Warner Automoti,BWA
Boston Beer Inc,SAM
Boston Private Banco,BPFH
Boston Properties In,BXP
Boston Scientific Co,BSX
Bottomline Tech Del,EPAY
Bovie Medical Corp,BVX
Boyd Gaming Corp,BYD
Bp Prudhoe Bay Rty T,BPT
Bpz Energy Inc,BPZ
Brady Corporation,BRC
Brandywine Rlty Tr,BDN
Bravo Brio Restaurant G,BBRG
Bre Properties Inc,BRE
Breeze Eastern Corp,BZC
Breitburn Energy Par,BBEP
Bridge Bancorp Inc,BDGE
Bridge Cap Hldgs,BBNK
Bridgeline Software Inc,BLIN
Bridgepoint Ed Inc,BPI
Bridgford Foods Corp,BRID
Briggs & Stratton Co,BGG
Brightcove Inc,BCOV
Brightpoint Inc,CELL
Brinker Intl Inc,EAT
Brinks Co,BCO
Bristol Myers Squibb,BMY
Bristow Group Inc,BRS
Broadcast Intl Inc N,BCST
Broadcom Corp,BRCM
Broadridge Finl Solutio,BR
Broadsoft Inc,BSFT
Broadvision Inc,BVSN
Broadwind Energy Inc,BWEN
Brocade Communications,BRCD
Brookdale Sr Living,BKD
Brookfield Pptys Cor,BPO
Brookline Bancorp In,BRKL
Brooks Automation In,BRKS
Brown & Brown Inc,BRO
Brown Forman Dst 'b',BF.B
Brown Shoe Inc New,BWS
Brt Rlty Tr,BRT
Bruker Biosciences C,BRKR
Brunswick Corp,BC
Bryn Mawr Bk Corp,BMTC
Bsb Bancorp Inc Md,BLMT
Bsd Med Corp Del,BSDM
Bsquare Corp,BSQR
Btu Intl Inc,BTUI
Buckeye Partners L P,BPL
Buckeye Technologies,BKI
Buckle Inc,BKE
Buffalo Wild Wings I,BWLD
Build A Bear Worksho,BBW
Builders Firstsource,BLDR
Bunge Limited,BG
C & F Finl Corp,CFFI
C D I Corp,CDI
C H Robinson Worldwi,CHRW
C&J Energy Svcs Inc,CJES
Ca Inc,CA
Cabelas Inc,CAB
Cablevision Sys Corp,CVC
Cabot Corp,CBT
Cabot Microelectroni,CCMP
Cabot Oil & Gas Corp,COG
Cache Inc,CACH
Caci Inc,CACI
Cadence Designs Sys,CDNS
Cadence Pharmaceutic,CADX
Cadiz Inc,CDZI
Caesars Entmt Corp,CZR
Cafepress Inc,PRSS
Cai International Inc,CAP
Cal Dive Intl Inc De,DVR
Cal Maine Foods Inc,CALM
Calamos Asset Mgmt I,CLMS
Calamp Corp,CAMP
Calavo Growers Inc,CVGW
Calgon Carbon Corp,CCC
California First Ntn,CFNB
California Wtr Svc G,CWT
Calix Inc,CALX
Callaway Golf Co,ELY
Callidus Software In,CALD
Callon Pete Co Del,CPE
Calpine Corp,CPN
Calumet Specialty Pr,CLMT
Cambrex Corp,CBM
Cambridge Heart Inc,CAMH
Camco Finl Corp,CAFI
Camden Natl Corp,CAC
Camden Ppty Tr,CPT
Cameron Internationa,CAM
Campbell Soup Co,CPB
Campus Crest Cmntys Inc,CCG
Cantel Inc,CMN
Canterbury Park Hold,CPHC
Cape Bancorp Inc,CBNJ
Capella Education Co,CPLA
Capital Bk Corp,CBKN
Capital City Bk Grou,CCBG
Capital Lease Fdg In,LSE
Capital One Finl Cor,COF
Capital Sr Living Co,CSU
Capital Trust Inc Md,CT
Capitalsource Inc,CSE
Capitol Fed Finl Inc,CFFN
Capstead Mtg Corp,CMO
Capstone Turbine Cor,CPST
Carbo Ceramics Inc,CRR
Carbonite Inc,CARB
Cardica Inc,CRDC
Cardinal Finl Corp,CFNL
Cardinal Health Inc,CAH
Cardionet Inc,BEAT
Cardiovascular Sys Inc,CSII
Cardium Therapeutics,CXM
Cardtronics Inc,CATM
Career Education Cor,CECO
Carefusion Corp,CFN
Caribou Coffee Inc,CBOU
Carlisle Corp,CSL
Carlyle Group L P,CG
Carmax Inc,KMX
Carmike Cinemas Inc,CKEC
Carnival Corp,CCL
Carpenter Technology,CRS
Carriage Svcs Inc,CSV
Carrizo Oil & Co Inc,CRZO
Carrols Restaurant G,TAST
Carter Hldgs Inc,CRI
Cas Medical Sys Inc,CASM
Cascade Bancorp,CACB
Cascade Corp,CASC
Cascade Microtech In,CSCD
Casella Waste Sys In,CWST
Caseys Gen Stores,CASY
Cash Amer Invts Inc,CSH
Cass Information Sys,CASS
Castle A M & Co,CAS
Castle Brands Inc,ROX
Casual Male Retail Grp,CMRG
Catalyst Pharm Partn,CPRX
Caterpillar Inc,CAT
Cathay Bancorp Inc,CATY
Cato Corp New,CATO
Cavco Inds Inc Del,CVCO
Cavium Inc,CAVM
Cbeyond Communicatio,CBEY
Cbiz Inc,CBZ
Cbl & Assoc Pptys In,CBL
Cboe Hldgs Inc,CBOE
Cbre Group Inc,CBG
Cbs Corp,CBS
Cca Inds Inc,CAW
Cec Entmt Inc,CEC
Ceco Environmental C,CECE
Cedar Fair L P,FUN
Cedar Shopping Ctrs,CDR
Cel-Sci Corp,CVM
Celadon Group Inc,CGI
Celanese Corp Del,CE
Celgene Corp,CELG
Cell Therapeutics Inc,CTIC
Celldex Therapeutics In,CLDX
Celsion Corporation,CLSN
Cempra Inc,CEMP
Centene Corp Del,CNC
Center Bancorp Inc,CNBC
Centerpoint Energy I,CNP
Centerstate Bks Fla,CSFL
Central European Dis,CEDC
Central Garden & Pet,CENT.A
Central Pac Finl Corp,CPF
Central Va Bankshare,CVBK
Central Valley Cmnty,CVCY
Century Alum Co,CENX
Century Bancorp Inc,CNBK.A
Century Casinos Inc,CNTY
Centurylink Inc,CTL
Cenveo Inc,CVO
Cepheid Inc,CPHD
Ceradyne Inc,CRDN
Ceres Inc,CERE
Cerner Corp,CERN
Cerus Corp,CERS
Ceva Inc,CEVA
Cf Inds Hldgs Inc,CF
Cfs Bancorp Inc,CITZ
Ch Energy Group Inc,CHG
Champion Inds Inc W,CHMP
Chanticleer Hldgs Inc,HOTR
Charles & Colvard Lt,CTHR
Charles Riv Labs Int,CRL
Chart Inds Inc,GTLS
Charter Communications,CHTR
Charter Finl Corp We,CHFN
Chase Corp,CCF
Chatham Lodging Tr,CLDT
Checkpoint Sys Inc,CKP
Cheesecake Factory I,CAKE
Chefs Whse Inc,CHEF
Chelsea Therapeutics,CHTP
Chemed Corp New,CHE
Chemical Finl Corp,CHFC
Chemocentryx Inc,CCXI
Chemtura Corp,CHMT
Cheniere Energy Inc,LNG
Cheniere Energy Partner,CQP
Cherokee Inc Del New,CHKE
Chesapeake Energy Co,CHK
Chesapeake Lodging Tr,CHSP
Chesapeake Utils Cor,CPK
Cheviot Finl Corp New,CHEV
Chevron Corp,CVX
Chicago Rivet & Mach,CVR
Chicopee Bancorp Inc,CBNK
Chicos Fas Inc,CHS
Childrens Pl Retail,PLCE
Chimera Invt Corp,CIM
Chindex Internationa,CHDX
Chipotle Mexican Gri,CMG
Chiquita Brands Intl,CQB
Choice Hotels Intl I,CHH
Christopher & Banks,CBK
Chromcraft Revington,CRC
Chubb Corp,CB
Church & Dwight Inc,CHD
Churchill Downs Inc,CHDN
Chyron Corp,CHYR
Ciber Inc,CBR
Ciena Corp,CIEN
Cifc Corp,DFR
Cigna Corp,CI
Cimarex Energy Co,XEC
Cincinnati Bell Inc,CBB
Cincinnati Finl Corp,CINF
Cinedigm Digital Cinema,CIDM
Cinemark Holdings Inc,CNK
Cintas Corp,CTAS
Circor Intl Inc,CIR
Cirrus Logic Corp,CRUS
Cisco Sys Inc,CSCO
Cit Group Inc,CIT
Citi Trends Inc,CTRN
Citigroup Inc,C
Citizens & Northn Co,CZNC
Citizens Hldg Co Mis,CIZN
Citizens Inc,CIA
Citizens Republic Banco,CRBC
Citizens South Bkg C,CSBC
Citrix Sys Inc,CTXS
City Hldg Co,CHCO
City Natl Corp,CYN
Clarcor Inc,CLC
Clean Diesel Technologi,CDTI
Clean Energy Fuels Corp,CLNE
Clean Harbors Inc,CLH
Clear Channel Outdoo,CCO
Clearbridge Energy Mlp,EMO
Clearfield Inc,CLFD
Clearone Communicati,CLRO
Clearsign Combustion Co,CLIR
Clearwater Paper Corp,CLW
Clearwire Corp New,CLWR
Cleco Corp New,CNL
Cleveland Biolabs In,CBLI
Cliffs Natural Resource,CLF
Clifton Svgs Bancorp,CSBK
Clorox Co,CLX
Cloud Peak Energy Inc,CLD
Clovis Oncology Inc,CLVS
Cme Group Inc,CME
Cms Energy Corp,CMS
Cna Finl Corp,CNA
Cnb Finl Corp Pa,CCNE
Cno Finl Group Inc,CNO
Coach Inc,COH
Cobalt Intl Energy Inc,CIE
Cobiz Inc,COBZ
Cobra Electrs Corp,COBR
Coca Cola Bottlng Co,COKE
Coca Cola Co,KO
Coca-Cola Enterprises I,CCE
Codexis Inc,CDXS
Codorus Vy Bancorp I,CVLY
Coeur D Alene Mines Cor,CDE
Coffee Hldgs Inc,JVA
Cogent Comm Group In,CCOI
Cognex Corp,CGNX
Cognizant Technology,CTSH
Cogo Group Inc,COGO
Cohen & Steers Inc,CNS
Coherent Inc,COHR
Cohu Inc,COHU
Coinstar Inc,CSTR
Coldwater Creek Inc,CWTR
Cole Kenneth Prodtns,KCP
Coleman Cable Inc,CCIX
Colfax Corp,CFX
Colgate Palmolive Co,CL
Collective Brands Inc,PSS
Collectors Universe,CLCT
Colonial Pptys Tr,CLP
Colony Finl Inc,CLNY
Columbia Bkg Sys Inc,COLB
Columbia Labs Inc,CBRX
Columbia Sportswear,COLM
Columbus Mckinnon Co,CMCO
Combimatrix Corporation,CBMX
Comcast Corp New,CMCSA
Comerica Inc,CMA
Comfort Sys Usa Inc,FIX
Command Sec Corp,MOC
Commerce Bancshares,CBSH
Commercial Metals Co,CMC
Commercial Veh Group,CVGI
Commonwealth Reit,CWH
Communication Intell,CICI
Communications Sys,JCS
Community Bk Sys Inc,CBU
Community Health Sys,CYH
Community Partners B,CPBC
Community Tr Bancorp,CTBI
Commvault Systems In,CVLT
Compass Minerals Int,CMP
Complete Genomics Inc,GNOM
Compressco Partners L P,GSJK
Compucredit Hldgs Corp,CCRT
Computer Programs &,CPSI
Computer Sciences Co,CSC
Computer Task Group,CTGX
Compuware Corp,CPWR
Compx International,CIX
Comscore Inc,SCOR
Comstock Homebuildin,CHCI
Comstock Res Inc,CRK
Comtech Telecommunic,CMTL
Con-Way Inc,CNW
Conagra Foods Inc,CAG
Conceptus Inc,CPTS
Concho Res Inc,CXO
Concur Technologies,CNQR
Concurrent Computer Cor,CCUR
Conmed Corp,CNMD
Conn Wtr Svc Inc,CTWS
Conns Inc,CONN
Conocophillips,COP
Consol Energy Inc,CNX
Consolidated Comm Hl,CNSL
Consolidated Edison,ED
Consolidated Graphic,CGX
Consolidated Tomoka,CTO
Constant Contact Inc,CTCT
Constellation Brands,STZ
Consumer Portfolio S,CPSS
Contango Oil & Gas C,MCF
Continental Resources I,CLR
Convergys Corp,CVG
Cooper Cos Inc,COO
Cooper Tire & Rubr,CTB
Copano Energy L L C,CPNO
Copart Inc,CPRT
Copytele Inc,COPY
Corcept Therapeutics,CORT
Core Mark Holding Co,CORE
Core Matls Corp,CMT
Corelogic Inc,CLGX
Coresite Rlty Corp,COR
Corinthian Colleges,COCO
Cornerstone Ondemand In,CSOD
Cornerstone Therapeutic,CRTX
Corning Inc,GLW
Coronado Biosciences In,CNDO
Corporate Executive,CEB
Corporate Office Ppt,OFC
Corrections Corp Ame,CXW
Cortex Pharmaceutica,CORX
Corvel Corp,CRVL
Cosi Inc,COSI
Costar Group Inc,CSGP
Costco Whsl Corp New,COST
Courier Corp,CRRC
Cousins Pptys Inc,CUZ
Covance Inc,CVD
Covanta Hldg Corp,CVA
Covenant Trans Inc,CVTI
Coventry Health Care,CVH
Cover-All Technologi,COVR
Cowen Group Inc New,COWN
Cpi Aerostructures I,CVU
Cra Intl Inc,CRAI
Cracker Barrel Old Ctry,CBRL
Craft Brewers Alliance,BREW
Crane Co,CR
Crawford & Co,CRD.B
Cray Inc,CRAY
Credit Accep Corp Mi,CACC
Credo Pete Corp,CRED
Cree Inc,CREE
Crescent Finl Bancshare,CRFN
Crexendo Inc,EXE
Crexus Invt Corp,CXS
Crimson Exploration,CXPO
Crocs Inc,CROX
Cross A T Co,ATX
Cross Ctry Healthcar,CCRN
Cross Timbers Rty Tr,CRT
Crosstex Energy Inc,XTXI
Crosstex Energy L P,XTEX
Crown Castle Intl Co,CCI
Crown Crafts Inc,CRWS
Crown Holdings Inc,CCK
Crown Media Hldgs In,CRWN
Cryo-Cell Intl Inc,CCEL
Cryolife Inc,CRY
Crystal Rock Hldgs Inc,CRVP
Csg Sys Intl Inc,CSGS
Csp Inc,CSPI
Css Inds Inc,CSS
Csx Corp,CSX
Cti Industries Corp,CTIB
Ctpartners Executive Se,CTP
Cts Corp,CTS
Cubesmart,CUBE
Cubic Corp,CUB
Cubic Energy Inc,QBC
Cubist Pharmaceutica,CBST
Cui Global Inc,CUI
Cullen Frost Bankers,CFR
Culp Inc,CFI
Cumberland Pharmaceutic,CPIX
Cummins Engine Inc,CMI
Cumulus Media Inc,CMLS
Curis Inc,CRIS
Curtiss Wright Corp,CW
Cutera Inc,CUTR
Cvb Finl Corp,CVBF
Cvd Equip Corp,CVV
Cvs Corp,CVS
Cyanotech Corp,CYAN
Cyberonics Inc,CYBX
Cyberoptics Corp,CYBE
Cybex Intl Inc,CYBI
Cyclacel Pharmaceutical,CYCC
Cymer Inc,CYMI
Cynosure Inc,CYNO
Cypress Semiconducto,CY
Cys Invts Inc,CYS
Cytec Inds Inc,CYT
Cytokinetics Inc,CYTK
Cytomedix Inc,CMXI
Cytori Therapeutics,CYTX
Cytrx Corp,CYTR
D R Horton Inc,DHI
Daegis Inc,DAEG
Daktronics Inc,DAKT
Dana Holding Corp,DAN
Danaher Corp,DHR
Dara Biosciences Inc,DARA
Darden Restaurants I,DRI
Darling Intl Inc,DAR
Data I O Corp,DAIO
Datalink Corp,DTLK
Dataram Corp,DRAM
Datawatch Corp,DWCH
Davita Inc,DVA
Dawson Geophysical,DWSN
Daxor Corp,DXR
Daystar Technologies In,DSTI
Dcp Midstream Partne,DPM
Dct Industrial Trust,DCT
Ddr Corp,DDR
De Luxe Check Printe,DLX
Dealertrack Hldgs In,TRAK
Dean Foods Co New,DF
Deckers Outdoor Corp,DECK
Deere & Co,DE
Delcath Sys Inc,DCTH
Delek Us Hldgs Inc,DK
Delia's Inc New,DLIA
Dell Inc,DELL
Delta Air Lines Inc Del,DAL
Delta Apparel Inc,DLA
Delta Nat Gas Inc,DGAS
Deltek Inc,PROJ
Deltic Timber Corp,DEL
Demand Media Inc,DMD
Demandware Inc,DWRE
Denbury Res Inc,DNR
Dendreon Corp,DNDN
Dennys Corp,DENN
Dentsply Intl Inc Ne,XRAY
Depomed Inc,DEPO
Derma Sciences Inc,DSCI
Destination Maternity C,DEST
Devon Energy Corp,DVN
Devry Inc Del,DV
Dexcom Inc,DXCM
Dfc Global Corp,DLLR
Dht Holdings Inc,DHT
Dial Global Inc,DIAL
Dialogic Inc,DLGC
Diamond Foods Inc,DMND
Diamond Hill Investm,DHIL
Diamond Offshore Dri,DO
Diamondrock Hospital,DRH
Dice Hldgs Inc,DHX
Dicks Sporting Goods,DKS
Diebold Inc,DBD
Digi Intl Inc,DGII
Digigrad Corp,DRAD
Digimarc Corp New,DMRC
Digital Ally Inc,DGLY
Digital Angel Corp New,DIGA
Digital Cinema Destinat,DCIN
Digital Domain Media Gr,DDMG
Digital Generation Inc,DGIT
Digital Pwr Corp,DPW
Digital Riv Inc,DRIV
Digital Rlty Tr Inc,DLR
Digitalglobe Inc,DGI
Dillards Inc,DDS
Dime Cmnty Bancorp I,DCOM
Dineequity Inc,DIN
Diodes Inc,DIOD
Direct Mkts Hldgs Corp,MKTS
Directv,DTV
Discover Finl Svcs,DFS
Discovery Communicatns,DISCA
Discovery Laboratories,DSCO
Dish Network Corp,DISH
Disney Walt Prodtns,DIS
Ditech Networks Inc,DITC
Dixie Group Inc,DXYN
Dlh Hldgs Corp,DLHC
Document Sec Sys Inc,DSS
Dolan Media Co,DM
Dolby Laboratories I,DLB
Dole Food Co Inc New,DOLE
Dollar Gen Corp New,DG
Dollar Thrifty Autom,DTG
Dollar Tree Inc,DLTR
Dominion Res Inc Va,D
Dominos Pizza Inc,DPZ
Domtar Corp,UFS
Donaldson Inc,DCI
Donegal Group Inc,DGIC.A
Donnelley R R & Sons,RRD
Doral Finl Corp,DRL
Dorchester Minerals,DMLP
Dorman Products Inc,DORM
Dot Hill Sys Corp,HILL
Double Eagle Pete&Mn,DBLE
Douglas Dynamics Inc,PLOW
Douglas Emmett Inc,DEI
Dover Corp,DOV
Dover Downs Gaming &,DDE
Dover Motorsports In,DVD
Dover Saddlery Inc,DOVR
Dow Chem Co,DOW
Dr Pepper Snapple Group,DPS
Dreamworks Animation,DWA
Dresser-Rand Group I,DRC
Drew Inds Inc,DW
Dril-Quip Inc,DRQ
Dsp Group Inc,DSPG
Dst Sys Inc Del,DST
Dsw Inc,DSW
Dte Energy Co,DTE
Dts Inc,DTSI
Du Pont E I De Nemou,DD
Ducommun Inc Del,DCO
Duff & Phelps Corp New,DUF
Duke Energy Corp New,DUK
Duke Realty Corp.,DRE
Dun & Bradstreet Cor,DNB
Dune Energy Inc,DUNR
Dunkin Brands Group Inc,DNKN
Dupont Fabros Technolog,DFT
Durect Corp,DRRX
Dusa Pharmaceuticals,DUSA
Dxp Enterprises Inc,DXPE
Dyax Corp,DYAX
Dycom Inds Inc,DY
Dynamic Matls Corp,BOOM
Dynamics Resh Corp,DRCO
Dynatronics Corp,DYNT
Dynavax Technologies,DVAX
Dynavox Inc,DVOX
Dynex Cap Inc,DX
E M C Corp Mass,EMC
E Trade Financial Corp,ETFC
Eagle Bancorp Inc Md,EGBN
Eagle Bulk Shipping Inc,EGLE
Eagle Materials Inc,EXP
Eagle Rock Energy Pa,EROC
Earthlink Inc,ELNK
East West Bancorp In,EWBC
Eastern Co,EML
Eastern Ins Hldgs In,EIHI
Eastern Va Bankshare,EVBS
Eastgroup Ppty Inc,EGP
Eastman Chem Co,EMN
Eaton Corp,ETN
Eaton Vance Corp,EV
Ebay Inc,EBAY
Ebix Com Inc,EBIX
Echelon Corp,ELON
Echo Global Logistics I,ECHO
Echostar Holding Corp,SATS
Ecolab Inc,ECL
Ecology & Environmen,EEI
Edac Technologies Co,EDAC
Edelman Finl Group Inc,EF
Edgar Online Inc,EDGR
Edgen Group Inc,EDG
Edgewater Technology,EDGW
Ediets Com Inc,DIET
Edison Intl,EIX
Education Hldgs 1 Inc,REVU
Education Mgmt Corp New,EDMC
Education Rlty Tr In,EDR
Educational Dev Corp,EDUC
Edwards Lifesciences,EW
Egain Communications,EGAN
Ehealth Inc,EHTH
Einstein Noah Rest Grou,BAGL
El Paso Elec Co,EE
El Paso Pipeline Partne,EPB
Elecsys Corp,ESYS
Electro Rent Corp,ELRC
Electro Scientific,ESIO
Electromed Inc,ELMD
Electronic Arts,EA
Electronics For Imag,EFII
Eli Lilly & Co,LLY
Elite Pharmaceutical,ELTP
Elizabeth Arden Inc,RDEN
Ellie Mae Inc,ELLI
Ellington Financial Llc,EFC
Ellis Perry Intl Inc,PERY
Emagin Corp,EMAN
Emc Ins Group Inc,EMCI
Emcor Group Inc,EME
Emcore Corp,EMKR
Emergent Biosolution,EBS
Emeritus Corp,ESC
Emerson Elec Co,EMR
Emerson Radio Corp,MSN
Emisphere Technologi,EMIS
Emmis Communications,EMMS
Empire Dist Elec Co,EDE
Empire Resorts Inc,NYNY
Employers Holdings I,EIG
Emrise Corp,EMRI
Emulex Corp,ELX
Enbridge Energy Mana,EEQ
Enbridge Energy Part,EEP
Encore Cap Group Inc,ECPG
Encore Wire Corp,WIRE
Endeavour Intl Corp,END
Endo Pharmaceuticals,ENDP
Endocyte Inc,ECYT
Endologix Inc,ELGX
Endurance Specialty,ENH
Enduro Rty Tr,NDRO
Energen Corp,EGN
Energizer Hldgs Inc,ENR
Energy Focus Inc,EFOI
Energy Partners Ltd,EPL
Energy Recovery Inc,ERII
Energy Transfer Equi,ETE
Energy Transfer Prtn,ETP
Energy Xxi (Bermuda) Lt,EXXI
Energysolutions Inc,ES
Enernoc Inc,ENOC
Enersys,ENS
Engility Hldgs Inc,EGL
Englobal Corp,ENG
Ennis Business Forms,EBF
Enova Systems Inc,ENA
Enpro Inds Inc,NPO
Ensign Group Inc,ENSG
Enstar Group Limited,ESGR
Entegris Inc,ENTG
Entercom Communicati,ETM
Entergy Corp New,ETR
Enteromedics Inc,ETRM
Enterprise Bancorp I,EBTC
Enterprise Finl Svcs,EFSC
Enterprise Prods Par,EPD
Entertainment Gaming As,EGT
Entertainment Pptys,EPR
Entravision Communic,EVC
Entremed Inc,ENMD
Entropic Communications,ENTR
Envestnet Inc,ENV
Envirostar Inc,EVI
Envivio Inc,ENVI
Enzo Biochem Inc,ENZ
Enzon Pharmaceutic,ENZN
Eog Res Inc,EOG
Eon Communications Corp,EONC
Epam Sys Inc,EPAM
Epiq Sys Inc,EPIQ
Eplus Inc,PLUS
Epoch Holding Corp,EPHC
Epocrates Inc,EPOC
Eqt Corp,EQT
Eqt Midstream Partners,EQM
Equifax Inc,EFX
Equinix Inc,EQIX
Equity Lifestyle Ppt,ELS
Equity One,EQY
Equity Residential P,EQR
Erba Diagnostics,ERB
Erickson Air-Crane Inc,EAC
Erie Indty Co,ERIE
Esb Finl Corp,ESBF
Escalade Inc,ESCA
Escalon Med Corp,ESMC
Esco Technologies In,ESE
Espey Mfg & Electrs,ESP
Essa Bancorp Inc,ESSA
Essex Ppty Tr Inc,ESS
Esterline Technologi,ESL
Ethan Allen Interior,ETH
Euronet Svcs Inc,EEFT
Ev Energy Partners L,EVEP
Evans Bancorp Inc,EVBN
Everbank Finl Corp,EVER
Evercore Partners In,EVR
Everest Re Group Ltd,RE
Evergreen Energy Inc Ne,EVEQ
Evolution Petroleum,EPM
Evolving Sys Inc,EVOL
Exa Corp,EXA
Exact Sciences Corp,EXAS
Exactech Inc,EXAC
Examworks Group Inc,EXAM
Exar Corp,EXAR
Excel Tr Inc,EXL
Exco Resources Inc,XCO
Exelis Inc,XLS
Exelixis Inc,EXEL
Exelon Corp,EXC
Exide Technologies,XIDE
Exlservice Holdings,EXLS
Expedia Inc Del,EXPE
Expeditors Intl Wash,EXPD
Exponet Inc,EXPO
Express Inc,EXPR
Express Scripts Hldg Co,ESRX
Exterran Hldgs Inc,EXH
Exterran Partners Lp,EXLP
Extra Space Storage,EXR
Extreme Networks Inc,EXTR
Exxon Mobil Corp,XOM
Ezcorp Inc,EZPW
F M C Corp,FMC
F N B United Corp,FNBN
F5 Networks Inc,FFIV
Facebook Inc,FB
Factset Resh Sys Inc,FDS
Fair Isaac Corp,FICO
Fairchild Semiconduc,FCS
Fairpoint Communication,FRP
Falconstor Software,FALC
Family Dlr Stores In,FDO
Famous Daves Amer In,DAVE
Fannie Mae,FNMA
Farmer Bros Co,FARM
Farmers Cap Bk Corp,FFKT
Faro Technologies In,FARO
Fastenal Co,FAST
Fbl Finl Group Inc,FFG
Fbr Capital Markets Cor,FBRC
Federal Agric Mtg Co,AGM
Federal Mogul Corp,FDML
Federal Realty Invt,FRT
Federal Signal Corp,FSS
Federated Invs Inc P,FII
Fedex Corp,FDX
Fei Co,FEIC
Feihe Intl Inc,ADY
Felcor Lodging Tr In,FCH
Female Health Co,FHCO
Ferrellgas Partners,FGP
Ferro Corp,FOE
Fidelity Natl Inform,FIS
Fidelity Natl Title,FNF
Fidelity Southn Corp,LION
Fidus Invt Corp,FDUS
Fieldpoint Petroleum,FPP
Fiesta Restaurant Group,FRGI
Fifth & Pac Cos Inc,FNP
Fifth Street Finance Co,FSC
Fifth Third Bancorp,FITB
Financial Engines Inc,FNGN
Financial Instns Inc,FISI
Finisar Corp,FNSR
Finish Line Inc,FINL
First Acceptance Cor,FAC
First Amern Finl Corp,FAF
First Bancorp Inc Me,FNLC
First Bancorp N C,FBNC
First Bancorp P R,FBP
First Busey Corp,BUSE
First California Financ,FCAL
First Cash Finl Svcs,FCFS
First Citizens Bancs,FCNC.A
First Cmnty Bancshar,FCBC
First Comwlth Finl P,FCF
First Conn Bancorp Inc,FBNK
First Ctzns Banc Cor,FCZA
First Defiance Finl,FDEF
First Energy Corp,FE
First Fed Bancshares Ar,FFBH
First Financial Hldg,FFCH
First Financial Northwe,FFNW
First Finl Bancorp,FFBC
First Finl Bankshare,FFIN
First Finl Corp Ind,THFF
First Finl Svc Corp,FFKY
First Horizon Natl C,FHN
First Industrial Rea,FR
First Intst Bancsystem,FIBK
First Long Is Corp,FLIC
First M & F Corp,FMFC
First Marblehead Cor,FMD
First Mariner Bancor,FMAR
First Merchants Corp,FRME
First Midwest Bancor,FMBI
First Niagara Finl G,FNFG
First Pactrust Banco,BANC
First Potomac Rlty T,FPO
First Rep Bk San Fran C,FRC
First Sec Group Inc,FSGI
First Solar Inc,FSLR
First South Bancorp,FSBK
First Utd Corp,FUNC
Firstbank Corp Mich,FBMI
Firstcity Finl Corp,FCFC
Firstmerit Corp,FMER
Fiserv Inc,FISV
Fisher Cos Inc,FSCI
Five Star Quality Ca,FVE
Flagstar Bancorp Inc,FBC
Flagstone Reinsurance H,FSR
Fleetcor Technologies I,FLT
Flexsteel Inds Inc,FLXS
Flir Sys Inc,FLIR
Flotek Inds Inc Del,FTK
Flow Intl Corp,FLOW
Flowers Foods Inc,FLO
Flowserve Corp,FLS
Fluidigm Corp Del,FLDM
Fluor Corp,FLR
Flushing Finl Corp,FFIC
Fmc Technologies Inc,FTI
Fnb Corp,FNB
Fonar Corp,FONR
Food Technology Serv,VIFL
Foot Locker Inc,FL
Ford Mtr Co Del,F
Forest City Enterpri,FCE.A
Forest Labs Inc,FRX
Forest Oil Corp,FST
Forestar Group Inc,FOR
Formfactor Inc,FORM
Forrester Resh Inc,FORR
Fortegra Finl Corp,FRF
Fortinet Inc,FTNT
Fortress Investment,FIG
Fortune Brands Home & S,FBHS
Fortune Diversified,FFI
Forum Energy Technologi,FET
Forward Air Corp,FWRD
Forward Inds Inc N Y,FORD
Fossil Inc,FOSL
Foster L B Co,FSTR
Fox Chase Bancorp Inc N,FXCB
Francescas Hldgs Corp,FRAN
Franklin Covey Co,FC
Franklin Elec Inc,FELE
Franklin Finl Corp Va,FRNK
Franklin Res Inc,BEN
Franklin Street Ppty,FSP
Freddie Mac,FMCC
Fredericks Hollywood Gr,FOH
Freds Inc,FRED
Freeport-Mcmoran Cop,FCX
Freescale Semiconductor,FSL
Freightcar Amer Inc,RAIL
Frequency Electrs In,FEIM
Fresh Del Monte Prod,FDP
Fresh Mkt Inc,TFM
Friedman Inds Inc,FRD
Frischs Restaurants,FRS
Frontier Communications,FTR
Frozen Food Expr Ind,FFEX
Fsi Intl Inc,FSII
Fti Consulting Inc,FCN
Fuel Sys Solutions I,FSYS
Fuel-Tech N V,FTEK
Fuelcell Energy Inc,FCEL
Full House Resorts I,FLL
Fuller H B Co,FUL
Fulton Finl Corp Pa,FULT
Furiex Pharmaceuticals,FURX
Furmanite Corporation,FRM
Furniture Brands Int,FBN
Fusion Telecomm Intl,FSNN
Fusion-Io Inc,FIO
Fx Alliance Inc,FX
Fx Energy Inc,FXEN
Fxcm Inc,FXCM
G & K Svcs Inc,GKSR
G-Iii Apparel Group,GIII
Gaiam Inc,GAIA
Gain Cap Hldgs Inc,GCAP
Galectin Therapeutics I,GALT
Galena Biopharma,GALE
Gallagher Arthur J &,AJG
Gamco Investors Inc,GBL
Gamestop Corp New,GME
Gaming Partners Intl,GPIC
Gannett Inc,GCI
Gap Inc,GPS
Gardner Denver Machy,GDI
Gartner Group Inc Ne,IT
Gas Nat Inc,EGAS
Gasco Energy Inc,GSX
Gastar Expl Ltd,GST
Gatx Corp,GMT
Gaylord Entmt Co New,GET
Geeknet Inc,GKNT
Gen-Probe Inc New,GPRO
Genco Shipping & Tra,GNK
Gencor Inds Inc,GENC
Gencorp Inc,GY
General Cable Corp D,BGC
General Communicatio,GNCM.A
General Dynamics Cor,GD
General Elec Co,GE
General Employment,JOB
General Growth Pptys In,GGP
General Mls Inc,GIS
General Moly Inc,GMO
General Motors Corp.,GM
General Stl Hldgs,GSI
Genesco Inc,GCO
Genesee & Wyo Inc,GWR
Genesis Energy L P,GEL
Genie Energy Ltd,GNE
Genmark Diagnostics Inc,GNMK
Genomic Health Inc,GHDX
Genon Energy Inc,GEN
Genpact Limited,G
Gentex Corp,GNTX
Gentiva Health Servi,GTIV
Genuine Parts Co,GPC
Genvec Inc,GNVC
Genworth Finl Inc,GNW
Geo Group Inc,GEO
Geoeye Inc,GEOY
Geokinetics Inc,GOK
Geomet Inc Del,GMET
Geopetro Resources C,GPR
Georesources Inc,GEOI
Georgia Gulf Corp,GGC
German Amern Bancorp,GABC
Geron Corp,GERN
Getty Rlty Corp New,GTY
Gevo Inc,GEVO
Gfi Group Inc,GFIG
Gibraltar Inds Inc,ROCK
Giga Tronics Inc,GIGA
Gigoptix Inc,GIG
Gilead Sciences Inc,GILD
Glacier Bancorp Inc,GBCI
Gladstone Coml Corp,GOOD
Glatfelter P H Co,GLT
Gleacher & Co Inc,GLCH
Glimcher Rlty Tr,GRT
Global Cash Access H,GCA
Global Geophysical Svcs,GGS
Global Partners Lp,GLP
Global Pmts Inc,GPN
Globalscape Inc,GSB
Globalstar Inc,GSAT
Globe Specialty Metals,GSM
Globecomm Systems In,GCOM
Glu Mobile Inc,GLUU
Gmx Res Inc,GMXR
Gnc Hldgs Inc,GNC
Golden Enterprises,GLDC
Golden Minerals Co,AUMN
Goldfield Corp,GV
Goldman Sachs Group,GS
Golub Cap Bdc Inc,GBDC
Goodrich Pete Corp,GDP
Goodyear Tire & Rubr,GT
Google Inc,GOOG
Gordmans Stores Inc,GMAN
Gorman Rupp Co,GRC
Government Pptys Income,GOV
Grace W R & Co Del N,GRA
Graco Inc,GGG
Graftech Intl Ltd,GTI
Graham Corp,GHM
Grainger W W Inc,GWW
Gramercy Cap Corp,GKK
Grand Canyon Ed Inc,LOPE
Granite City Food & Bre,GCFB
Granite Constr Inc,GVA
Graphic Packaging Hldg,GPK
Gray Television Inc,GTN
Graymark Healthcare Inc,GRMH
Great Lakes Dredge &,GLDD
Great Plains Energy,GXP
Great Southn Bancorp,GSBC
Greatbatch Inc,GB
Green Dot Corp,GDOT
Green Mtn Coffee Roa,GMCR
Green Plains Renewab,GPRE
Greenbrier Cos Inc,GBX
Greene Cnty Bancshar,GRNB
Greenhill & Co Inc,GHL
Greenhunter Energy Inc,GRH
Greenway Med Technologi,GWAY
Greif Inc,GEF
Griffin Ld & Nurseri,GRIF
Griffon Corp,GFF
Group 1 Automotive I,GPI
Groupon Inc,GRPN
Gse Hldg Inc,GSE
Gse Sys Inc,GVP
Gsi Technology,GSIT
Gsv Cap Corp,GSVC
Gt Advanced Technologie,GTAT
Gtx Inc Del,GTXI
Guaranty Bancorp Del,GBNK
Guess Inc,GES
Guidance Software In,GUID
Guidewire Software Inc,GWRE
Gulf Island Fabricat,GIFI
Gulfmark Offshore Inc,GLF
Gulfport Energy Corp,GPOR
H & E Equipment Serv,HEES
Hackett Group Inc,HCKT
Haemonetics Corp,HAE
Hain Celestial Group,HAIN
Halcon Res Corp,HK
Halliburton Co,HAL
Hallmark Finl Svcs I,HALL
Hallwood Group Inc,HWG
Halozyme Therapeutic,HALO
Hampden Bancorp Inc,HBNK
Hampton Roads Bankshare,HMPR
Hancock Hldg Co,HBHC
Handy & Harman Ltd,HNH
Hanesbrands Inc,HBI
Hanger Orthopedic Gr,HGR
Hanmi Finl Corp,HAFC
Hanover Ins Group In,THG
Hansen Medical Inc,HNSN
Harbinger Group Inc,HRG
Hardinge Inc,HDNG
Harley Davidson Inc,HOG
Harleysville Svgs Fi,HARL
Harman Intl Inds Inc,HAR
Harmonic Lightwaves,HLIT
Harris & Harris Grou,TINY
Harris Corp Del,HRS
Harris Interactive I,HPOL
Harris Teeter Supermark,HTSI
Harsco Corp,HSC
Harte-Hanks Inc,HHS
Hartford Finl Svcs G,HIG
Harvard Bioscience I,HBIO
Harvest Natural Reso,HNR
Hasbro Bradley Inc,HAS
Hastings Entmt Inc,HAST
Hatteras Finl Corp,HTS
Hauppague Digital In,HAUP
Haverty Furniture In,HVT
Hawaiian Elec Indust,HE
Hawaiian Holdings In,HA
Hawaiian Telcom Holdco,HCOM
Hawkins Inc,HWKN
Hawthorn Bancshares Inc,HWBK
Haynes International,HAYN
Hca Holdings Inc,HCA
Hcc Ins Hldgs Inc,HCC
Hcp Inc,HCP
Headwaters Inc,HW
Health Care Group In,HCSG
Health Care Reit Inc,HCN
Health Mgmt Assoc In,HMA
Health Net Inc.,HNT
Healthcare Rlty Tr,HR
Healthsouth Corp,HLS
Healthstream Inc,HSTM
Healthways Inc,HWAY
Heartland Express In,HTLD
Heartland Finl Usa I,HTLF
Heartland Pmt Sys In,HPY
Heartware Intl Inc,HTWR
Heckmann Corp,HEK
Hecla Mng Co,HL
Heelys Inc,HLYS
Heico Corp New,HEI.A
Heidrick & Struggles,HSII
Heinz H J Co,HNZ
Helen Of Troy Corp L,HELE
Helix Energy Solutio,HLX
Helmerich & Payne In,HP
Hemispherx Biopharma,HEB
Henry Jack & Assoc I,JKHY
Herbalife Ltd,HLF
Hercules Offshore In,HERO
Heritage Commerce Co,HTBK
Heritage Crystal Clean,HCCI
Heritage Finl Corp W,HFWA
Heritage Finl Group Inc,HBOS
Heritage Oaks Bancor,HEOP
Hersha Hospitality T,HT
Hershey Foods Corp,HSY
Hertz Global Holding,HTZ
Heska Corp,HSKA
Hess Corp,HES
Hewlett Packard Co,HPQ
Hexcel Corp New,HXL
Hf Finl Corp,HFFC
Hff Inc,HF
Hhgregg Inc,HGG
Hi-Tech Pharmacal In,HITK
Hibbett Sports Inc,HIBB
Hickory Tech Corp,HTCO
Higher One Hldgs Inc,ONE
Highwoods Pptys Inc,HIW
Hill International I,HIL
Hill Rom Hldgs Inc,HRC
Hillenbrand Inc,HI
Hillshire Brands Co,HSH
Hilltop Holdings Inc,HTH
Hittite Microwave Co,HITT
Hkn Inc,HKN
Hmn Finl Inc,HMNF
Hms Hldgs Corp,HMSY
Hni Corp,HNI
Hoku Corp,HOKU
Holly Energy Partner,HEP
Hollyfrontier Corp,HFC
Hollywood Media Corp,HOLL
Hologic Inc,HOLX
Home Bancorp Inc,HBCP
Home Bancshares Inc,HOMB
Home Depot Inc,HD
Home Fed Bancorp Inc Md,HOME
Home Pptys Inc,HME
Homeaway Inc,AWAY
Homeowners Choice Inc,HCII
Homestreet Inc,HMST
Honeywell Intl Inc,HON
Hooker Furniture Cor,HOFT
Hooper Holmes Inc,HH
Hopfed Bancorp Inc,HFBC
Horace Mann Educator,HMN
Horizon Bancorp Ind,HBNC
Horizon Pharma Inc,HZNP
Hormel Geo A & Co,HRL
Hornbeck Offshore Sv,HOS
Horsehead Hldg Corp,ZINC
Hospira Inc,HSP
Hospitality Pptys Tr,HPT
Host Hotels & Resorts,HST
Hot Topic Inc,HOTT
Houston Amern Energy,HUSA
Houston Wire & Cable,HWCC
Hovnanian Enterprise,HOV
Howard Hughes Corp Com,HHC
Hsn Inc,HSNI
Hub Group Inc,HUBG
Hubbell Inc,HUB.B
Hudson City Bancorp,HCBK
Hudson Global Inc,HSON
Hudson Pac Pptys Inc,HPP
Hudson Technologies,HDSN
Hugoton Rty Tr Tex,HGT
Human Genome Science,HGSI
Humana Inc,HUM
Hunt J B Trans Svcs,JBHT
Huntington Bancshare,HBAN
Huntington Ingalls Inds,HII
Huntsman Corp,HUN
Hurco Mfg Inc,HURC
Huron Consulting Gro,HURN
Hutchinson Technolog,HTCH
Hyatt Hotels Corp,H
Hyperdynamics Corp,HDY
I D Systems Inc,IDSY
Iac Interactivecorp,IACI
Iberiabank Corp,IBKC
Icad Inc,ICAD
Icahn Enterprises Lp,IEP
Icf Intl Inc,ICFI
Icg Group Inc,ICGE
Iconix Brand Group I,ICON
Icu Med Inc,ICUI
Idacorp Inc,IDA
Idenix Pharmaceutica,IDIX
Identive Group Inc,INVE
Idera Pharmaceutical,IDRA
Idex Corp,IEX
Idexx Labs Inc,IDXX
Idt Corp,IDT
Iec Electrs Corp New,IEC
Igate Capital Corp,IGTE
Igi Inc,IG
Ignite Restaurant Group,IRG
Igo Inc,IGOI
Ihs Inc,IHS
Ii Vi Inc,IIVI
Ikanos Communication,IKAN
Illinois Tool Wks In,ITW
Illumina Inc,ILMN
Image Sensing Sys In,ISNS
Imation Corp,IMN
Immersion Corp,IMMR
Immunocellular Thera,IMUC
Immunogen Inc,IMGN
Immunomedics Inc,IMMU
Impac Mtg Hldgs Inc,IMH
Impax Laboratories I,IPXL
Imperial Hldgs Inc,IFT
Imperva Inc,IMPV
Incontact Inc,SAAS
Incyte Pharmaceutica,INCY
Independence Hldg Co,IHC
Independent Bank Corp M,IBCP
Independent Bk Cp Ma,INDB
Indiana Community Banco,INCB
Industrial Svcs Amer,IDSA
Inergy L P,NRGY
Inergy Midstream Lp,NRGM
Infinera Corporation,INFN
Infinity Pharmaceuti,INFI
Infinity Ppty & Cas,IPCC
Infoblox Inc,BLOX
Informatica Corp,INFA
Information Services,III
Infosonics Corp,IFON
Infusystems Holdings In,INFU
Ingles Mkts Inc,IMKT.A
Ingram Micro Inc,IM
Ingredion Inc,INGR
Inland Real Estate C,IRC
Innerworkings Inc,INWK
Innodata Corp,INOD
Innophos Holdings In,IPHS
Innovaro Inc,INV
Innovative Solutions,ISSC
Inovio Biomedical Co,INO
Inphi Corp,IPHI
Insight Enterprises,NSIT
Insignia Sys Inc,ISIG
Insite Vision Inc,INSV
Insmed Inc,INSM
Insperity Inc,NSP
Insteel Inds Inc,IIIN
Institutional Finl Mkts,IFMI
Insulet Corp,PODD
Integra Lifesciences,IART
Integramed Amer Inc,INMD
Integrated Device Te,IDTI
Integrated Electrica,IESC
Integrated Silicon S,ISSI
Integrys Energy Grou,TEG
Intel Corp,INTC
Intelli-Check Inc,IDN
Inter Parfums Inc,IPAR
Interactive Brokers Gro,IBKR
Interactive Intelligenc,ININ
Intercontinentalexch,ICE
Interdigital Inc,IDCC
Interface Inc,IFSI.A
Interline Brands Inc,IBI
Intermec Inc,IN
Intermolecular Inc,IMI
Intermune Inc,ITMN
Internap Network Svc,INAP
International Bncshr,IBOC
International Flav&F,IFF
International Game,IGT
International Paper,IP
International Rectif,IRF
International Shipho,ISH
International Speedw,ISCA
Internet Patents Corp,PTNT
Interphase Corp,INPH
Interpublic Group Co,IPG
Intersections Inc,INTX
Intersil Hldg Corp,ISIL
Interval Leisure Group,IILG
Intervest Bancshares,IBCA
Intest Corp,INTT
Intevac Inc,IVAC
Intl Business Mchn,IBM
Intl Fcstone Inc,INTL
Intralinks Hldgs Inc,IL
Intrepid Potash Inc,IPI
Intricon Corp,IIN
Intuit,INTU
Intuitive Surgical I,ISRG
Inuvo Inc,INUV
Invacare Corp,IVC
Invensense Inc,INVN
Inventure Foods Inc,SNAK
Invesco Ltd,IVZ
Invesco Mortgage Capita,IVR
Investment Technolog,ITG
Investors Bancorp In,ISBC
Investors Cap Hldgs,ICH
Investors Real Estat,IRET
Investors Title Co,ITIC
Ion Geophysical Corp,IO
Iparty Corp,IPT
Ipass Inc,IPAS
Ipc The Hospitalist Co,IPCM
Ipg Photonics Corp,IPGP
Iridex Corp,IRIX
Iris Intl Inc,IRIS
Irobot Corp,IRBT
Iron Mtn Inc Del,IRM
Ironwood Pharmaceutical,IRWD
Isc8 Inc,ISCI
Isis Pharmaceuticals,ISIS
Isle Of Capris Casin,ISLE
Isoray Inc,ISR
Isramco Inc,ISRL
Istar Finl Inc,SFI
Itc Hldgs Corp,ITC
Iteris Inc,ITI
Itron Inc,ITRI
Itt Corp New,ITT
Itt Educational Serv,ESI
Ixia,XXIA
Ixys Corp,IXYS
J & J Snack Foods Co,JJSF
J Alexander Corp,JAX
J P Morgan Chase & C,JPM
J2 Global Inc,JCOM
Jabil Circuit Inc,JBL
Jack In The Box Inc,JACK
Jacobs Engr Group In,JEC
Jakks Pac Inc,JAKK
Jamba Inc,JMBA
James River Coal Co,JRCC
Janus Cap Group Inc,JNS
Jarden Corp,JAH
Jc Penney Co,JCP
Jda Software Group I,JDAS
Jds Uniphase Corp,JDSU
Jefferies Group Inc,JEF
Jetblue Awys Corp,JBLU
Jive Software Inc,JIVE
Jmp Group Inc,JMP
Joes Jeans Inc,JOEZ
John Bean Technologies,JBT
Johnson & Johnson,JNJ
Johnson Ctls Inc,JCI
Johnson Outdoors Inc,JOUT
Jones Group Inc,JNY
Jones Lang Lasalle I,JLL
Jones Soda Co,JSDA
Jos A Bank Clothiers,JOSB
Journal Communicatio,JRN
Joy Global Inc,JOY
Juniper Networks,JNPR
K V Pharmaceutical C,KV.A
K-Swiss Inc,KSWS
K12 Inc,LRN
Kadant Inc,KAI
Kaiser Aluminum Corp,KALU
Kaiser Fed Finl Group I,KFFG
Kaman Corp,KAMN
Kansas City Life Ins,KCLI
Kansas City Southn,KSU
Kapstone Paper & Pac,KS
Kar Auction Svcs Inc,KAR
Kaydon Corp,KDN
Kb Home,KBH
Kbr Inc,KBR
Kbw Inc,KBW
Kearny Finl Corp,KRNY
Kellogg Co,K
Kelly Svcs Inc,KELY.A
Kemet Corp,KEM
Kemper Corp Del,KMPR
Kenexa Corp,KNXA
Kennametal Inc,KMT
Keryx Biopharmaceuti,KERX
Key Energy Svcs Inc,KEG
Key Technology Inc,KTEC
Key Tronics Corp,KTCC
Keycorp,KEY
Keynote Sys Inc,KEYN
Keyw Hldg Corp,KEYW
Kforce Com Inc,KFRC
Kid Brands Inc,KID
Kilroy Rlty Corp,KRC
Kimball Intl Inc,KBAL.B
Kimberly Clark Corp,KMB
Kimco Realty Corp,KIM
Kinder Morgan Energy,KMP
Kinder Morgan Inc Del,KMI
Kinder Morgan Manage,KMR
Kindred Healthcare I,KND
Kior Inc,KIOR
Kips Bay Med Inc,KIPS
Kirby Expl Co.,KEX
Kirklands Inc,KIRK
Kite Rlty Group Tr,KRG
Kkr Financial Hldgs Llc,KFN
Kla-Tencor Corp,KLAC
Kmg-B Inc,KMG
Knight Capital Group,KCG
Knight Transn Inc,KNX
Knoll Inc,KNL
Kodiak Oil & Gas Cor,KOG
Kohls Corp,KSS
Kona Grill Inc,KONA
Kopin Corp,KOPN
Koppers Holdings Inc,KOP
Korn Ferry Intl,KFY
Koss Corp,KOSS
Kraft Foods Inc,KFT
Kraton Performance Poly,KRA
Kratos Defense & Sec So,KTOS
Krispy Kreme Doughnu,KKD
Kroger Co,KR
Kronos Worldwide Inc,KRO
Ksw Inc,KSW
Kulicke & Soffa Inds,KLIC
Kvh Inds Inc,KVHI
L-3 Communications H,LLL
La Z Boy Inc,LZB
Laboratory Corp Amer,LH
Laclede Group Inc,LG
Lacrosse Footwear In,BOOT
Ladenburg Thalman Fi,LTS
Lakeland Bancorp Inc,LBAI
Lakeland Finl Corp,LKFN
Lakeland Inds Inc,LAKE
Lakes Gaming Inc,LACO
Lam Resh Corp,LRCX
Lamar Advertising Co,LAMR
Lancaster Colony Cor,LANC
Landauer Inc,LDR
Landec Corp,LNDC
Landstar Sys Inc,LSTR
Lannet Inc,LCI
Lantronix Inc,LTRX
Laredo Pete Hldgs Inc,LPI
Las Vegas Sands Corp,LVS
Lasalle Hotel Pptys,LHO
Lattice Semiconducto,LSCC
Lauder Estee Cos Inc,EL
Lawson Prods Inc,LAWS
Layne Inc,LAYN
Lazard Ltd,LAZ
Lca-Vision Inc,LCAV
Leap Wireless Intl I,LEAP
Leapfrog Enterprises,LF
Lear Corp,LEA
Learning Tree Intl I,LTRE
Lecroy Corp,LCRY
Lee Enterprises Inc,LEE
Legacy Reserves Lp,LGCY
Legg Mason Inc,LM
Leggett & Platt Inc,LEG
Lemaitre Vascular In,LMAT
Lender Processing Svcs,LPS
Lennar Corp- Cl A,LEN
Lennox Intl Inc,LII
Leucadia Natl Co,LUK
Level 3 Communications,LVLT
Lexicon Genetics Inc,LXRX
Lexington Corp Pptys,LXP
Lexmark Intl Inc.,LXK
Lgl Group Inc,LGL
Lhc Group Inc,LHCG
Libbey Inc,LBY
Liberty Global Inc,LBTYA
Liberty Media Corporati,LMCA
Liberty Media Int,LINT.A
Liberty Ppty Tr,LRY
Life Partners Holdin,LPHI
Life Technologies Corp,LIFE
Life Time Fitness In,LTM
Lifepoint Hospitals,LPNT
Lifetime Brands Inc,LCUT
Lifeway Foods Inc,LWAY
Ligand Pharmaceuticals,LGND
Lighting Science Group,LSCG
Lightpath Technologi,LPTH
Lime Energy Co,LIME
Limelight Networks Inc,LLNW
Limited Brands Inc,LTD
Lin Tv Corp,TVL
Lincare Hldgs Inc,LNCR
Lincoln Edl Svcs Cor,LINC
Lincoln Elec Hldgs I,LECO
Lincoln Natl Corp In,LNC
Lindsay Mfg Co,LNN
Linear Technology Co,LLTC
Linkedin Corp,LNKD
Linn Energy Llc,LINE
Lionbridge Technolog,LIOX
Liquidity Services I,LQDT
Liquidmetal Technolo,LQMT
Lithia Mtrs Inc,LAD
Littelfuse Inc,LFUS
Live Nation Inc,LYV
Liveperson Inc,LPSN
Lkq Corp,LKQ
Lmi Aerospace Inc,LMIA
Lnb Bancorp Inc,LNBB
Lo-Jack Corp,LOJN
Local Com Corp,LOCM
Lockheed Martin Corp,LMT
Lodgenet Entmt Corp,LNET
Loews Corp,L
Logmein Inc,LOGM
Looksmart Ltd,LOOK
Loral Space & Commun,LORL
Lorillard Inc,LO
Louisiana Pac Corp,LPX
Lowes Cos Inc,LOW
Lpl Finl Hldgs Inc,LPLA
Lrad Corp,LRAD
Lrr Energy Lp,LRE
Lsb Inds Inc,LXU
Lsi Inds Inc,LYTS
Lsi Logic Corp,LSI
Ltc Pptys Inc,LTC
Ltx-Credence Corp,LTXC
Lubys Inc,LUB
Lucas Energy Inc,LEI
Lufkin Inds Inc,LUFK
Lumber Liquidators Hldg,LL
Luminex Corp Del,LMNX
Lumos Networks Corp,LMOS
Luna Innovations,LUNA
Lydall Inc,LDL
M & T Bk Corp,MTB
M D C Corp Colo,MDC
M/I Homes,MHO
Ma Com Technology Solut,MTSI
Mac-Gray Corp,TUC
Macatawa Bk Corp,MCBC
Macerich Co,MAC
Mack Cali Rlty Corp,CLI
Macquarie Infrastruc,MIC
Macys Inc.,M
Madden Steven Ltd,SHOO
Madison Square Garden I,MSG
Magellan Health Svcs,MGLN
Magellan Midstream,MMP
Magellan Pete Corp,MPET
Magnetek Inc,MAG
Magnum Hunter Res Corp,MHR
Maiden Holdings Ltd,MHLD
Maidenform Brands In,MFB
Main Street Capital Cor,MAIN
Mainsource Financial,MSFG
Majesco Hldgs Inc,COOL
Makemusic Inc,MMUS
Mako Surgical Corp,MAKO
Management Network Grou,TMNG
Manhattan Assocs Inc,MANH
Manitek Intl Inc,MNTX
Manitowoc Inc,MTW
Mannatech Inc,MTEX
Mannkind Corp,MNKD
Manpower Inc,MAN
Mantech Intl Corp,MANT
Map Pharmaceuticals Inc,MAPP
Marathon Oil Corp,MRO
Marathon Pete Corp,MPC
Marchex Inc,MCHX
Marcus Corp,MCS
Marine Prods Corp,MPX
Marinemax Inc,HZO
Markel Corp,MKL
Market Leader Inc,LEDR
Marketaxess Hldgs In,MKTX
Markwest Energy Part,MWE
Marlin Business Svcs,MRLN
Marriott Intl Inc Ne,MAR
Marriott Vacations Wrld,VAC
Marsh & Mclennan Cos,MMC
Marten Trans Ltd,MRTN
Martha Stewart Livin,MSO
Martin Marietta Matl,MLM
Martin Midstream Prt,MMLP
Marvell Technology G,MRVL
Masco Corp,MAS
Masimo Corp,MASI
Mastec Inc,MTZ
Mastech Holdings Inc,MHH
Mastercard Inc,MA
Matador Res Co,MTDR
Material Sciences Co,MASC
Materion Corp,MTRN
Matrix Svc Co,MTRX
Matson Inc,MATX
Mattel Inc,MAT
Mattersight Corp,MATR
Matthews Intl Corp,MATW
Mattress Firm Hldg Corp,MFRM
Mattson Technology I,MTSN
Maui Ld & Pineapple,MLP
Maxim Integrated Pro,MXIM
Maximus Inc,MMS
Maxlinear Inc,MXL
Maxwell Technologies,MXWL
Maxygen Inc,MAXY
Mb Financial Inc New,MBFI
Mbia Inc,MBI
Mbt Finl Corp,MBTF
Mcclatchy Newspapers,MNI
Mccormick & Co Inc,MKC
Mcdermott Intl,MDR
Mcdonalds Corp,MCD
Mcewen Mng Inc,MUX
Mcg Capital Corp,MCGC
Mcgrath Rentcorp,MGRC
Mcgraw Hill Inc,MHP
Mckesson Hboc Inc,MCK
Mcmoran Exploration,MMR
Mdu Res Group Inc,MDU
Mead Johnson Nutrition,MJN
Meade Instruments Corp,MEAD
Meadowbrook Ins Grou,MIG
Meadwestvaco Corp,MWV
Measurement Specialt,MEAS
Medallion Finl Corp,TAXI
Medassets Inc,MDAS
Medcath Corp,MDTH
Media Gen Inc,MEG
Medical Action Ind I,MDCI
Medical Pptys Trust,MPW
Medicines Co,MDCO
Medicinova Inc,MNOV
Medicis Pharmaceutic,MRX
Medidata Solutions Inc,MDSO
Medifast Inc,MED
Medivation Inc,MDVN
Mediware Information,MEDW
Mednax Inc,MD
Medtox Scientific In,MTOX
Medtronic Inc,MDT
Meetme Inc,MEET
Mela Sciences Inc,MELA
Memc Electr Matls In,WFR
Memorial Prodtn Partner,MEMP
Memsic Inc,MEMS
Mens Wearhouse Inc,MW
Mentor Graphics Corp,MENT
Mercantile Bank Corp,MBWM
Merchants Bkshrs New,MBVT
Merck & Co Inc New,MRK
Mercury Computer Sys,MRCY
Mercury Genl Corp Ne,MCY
Meredith Corp,MDP
Merge Healthcare Inc,MRGE
Meridian Bioscience,VIVO
Meridian Interstat Banc,EBSB
Merit Med Sys Inc,MMSI
Meritage Corp,MTH
Meritor Inc,MTOR
Merrimack Pharmaceutica,MACK
Meru Networks Inc,MERU
Mesa Labs Inc,MLAB
Met Pro Corp,MPR
Meta Finl Group Inc,CASH
Metabolix Inc,MBLX
Metalico Inc,MEA
Metals Usa Hldgs Corp,MUSA
Methode Electrs Inc,MEI
Metlife Inc,MET
Metro Bancorp Inc Pa,METR
Metrocorp Bancshares,MCBI
Metropcs Communicati,PCS
Metropolitan Health,MDF
Mettler Toledo Inter,MTD
Mexco Energy Corp,MXC
Mfa Mtg Invts Inc,MFA
Mfri Inc,MFRI
Mgc Diagnostics Corp,MGCD
Mge Energy Inc,MGEE
Mgic Invt Corp Wis,MTG
Mgm Resorts Intl,MGM
Mgp Ingredients Inc New,MGPI
Mhi Hospitality Corp,MDH
Micrel Inc,MCRL
Microchip Technology,MCHP
Microfinancial Inc,MFI
Micron Technology In,MU
Micronetics Wireless,NOIZ
Micros Sys Inc,MCRS
Microsemiconductor,MSCC
Microsoft Corp,MSFT
Microstrategy Inc,MSTR
Microvision Inc Del,MVIS
Mid Con Energy Partners,MCEP
Mid-Amer Apt Cmntys,MAA
Middleburg Financial,MBRG
Middleby Corp,MIDD
Middlesex Water Co,MSEX
Midsouth Bancorp,MSL
Midstates Pete Co Inc,MPO
Midway Gold Corp,MDW
Midwestone Finl Group I,MOFG
Millennial Media Inc,MM
Miller Herman Inc,MLHR
Miller Inds Inc Tenn,MLR
Mindspeed Technologies,MSPD
Mine Safety Applianc,MSA
Minerals Technologie,MTX
Mines Mgmt Co,MGN
Mips Technologies In,MIPS
Misonix Inc,MSON
Mission West Pptys I,MSW
Mistras Group Inc,MG
Mitcham Inds Inc,MIND
Mitek System Inc,MITK
Mks Instrument Inc,MKSI
Mmodal Inc,MODL
Mmrglobal Inc,MMRF
Mobile Mini,MINI
Mocon Inc,MOCO
Mod Pac Corp,MPAC
Modine Mfg Co,MOD
Moduslink Global Soluti,MLNK
Mohawk Inds Inc,MHK
Molex Inc,MOLX
Molina Healthcare In,MOH
Molson Coors Brewing,TAP
Molycorp Inc Del,MCP
Momenta Pharmaceutic,MNTA
Monarch Casino & Res,MCRI
Monarch Financial Ho,MNRK
Moneygram Intl Inc,MGI
Monmouth Rl Est In S,MNR
Monolithic Pwr Sys I,MPWR
Monotype Imaging Holdin,TYPE
Monro Muffler Brake,MNRO
Monsanto Co New,MON
Monster Beverage Corp,MNST
Monster Worldwide In,MWW
Montpelier Re Holdin,MRH
Moodys Corp,MCO
Moog Inc 'a',MOG.A
Morgan Stanley,MS
Morgans Hotel Group,MHGC
Morningstar Inc,MORN
Mosaic Co New,MOS
Mosys Inc,MOSY
Motorcar Parts & Acc,MPAA
Motorola Inc,MSI
Motricity Inc,MOTR
Movado Group Inc,MOV
Move Inc,MOVE
Mpg Office Tr Inc,MPG
Mrc Global Inc,MRC
Msc Indl Direct Inc,MSM
Msci Inc,MSCI
Mtr Gaming Group Inc,MNTG
Mts Sys Corp,MTSC
Mueller Inds Inc,MLI
Mueller Wtr Prods In,MWA
Multi Color Corp,LABL
Multi Fineline Elect,MFLX
Multiband Corp,MBND
Multimedia Games Inc,MGAM
Murphy Oil Corp,MUR
Mutualfirst Finl Inc,MFSF
Mwi Veterinary Suppl,MWIV
Myers Inds Inc,MYE
Mylan Labs Inc,MYL
Myr Group Inc Del,MYRG
Myriad Genetics Inc,MYGN
Myriad Pharmaceuticals,MYRX
Nabi Biopharmaceutic,NABI
Nabors Industries Lt,NBR
Nacco Inds Inc,NC
Nanometrics Inc,NANO
Nanophase Tchnologie,NANX
Nanosphere Inc,NSPH
Napco Sec Sys Inc,NSSC
Nasb Finl Inc,NASB
Nasdaq Stock Martket,NDAQ
Nash Finch Co,NAFC
Nathans Famous Inc N,NATH
National Bankshares,NKSH
National Beverage Co,FIZZ
National Cinemedia I,NCMI
National Finl Partne,NFP
National Fuel Gas Co,NFG
National Health Invs,NHI
National Healthcare,NHC
National Instrs Corp,NATI
National Interstate,NATL
National Presto Inds,NPK
National Research Co,NRCI
National Retail Prop,NNN
National Technical,NTSC
National Westn Lfe,NWLI
National-Oilwell Inc,NOV
Natl Penn Bancshares,NPBC
Natural Alternatives,NAII
Natural Gas Services,NGS
Natural Resource Par,NRP
Natures Sunshine Pro,NATR
Natus Medical Inc De,BABY
Naugatuck Vy Finl Corp,NVSL
Nautilus Group Inc,NLS
Navarre Corp,NAVR
Navidea Biopharmaceutic,NAVB
Navigant Consulting,NCI
Navigators Group Inc,NAVG
Navistar Intl Corp N,NAV
Nbt Bancorp Inc,NBTB
Nci Building Sys Inc,NCS
Nci Inc,NCIT
Ncr Corp New,NCR
Neenah Paper Inc,NP
Nektar Therapeutics,NKTR
Nelnet Inc,NNI
Neogen Corp,NEOG
Neomedia Technologies I,NEOM
Neophotonics Corp,NPTN
Neostem Inc,NBS
Nephros Inc,NEPH
Netapp Inc,NTAP
Netflix Com Inc,NFLX
Netgear Inc,NTGR
Netlist Inc,NLST
Netscout Sys Inc,NTCT
Netsol Technologies Inc,NTWK
Netspend Hldgs Inc,NTSP
Netsuite Inc,N
Network Engines Inc,NEI
Network Equip Techno,NWK
Neuralstem Inc,CUR
Neurocrine Bioscienc,NBIX
Neurogesx Inc,NGSX
Neurometrix Inc,NURO
Neustar Inc,NSR
Neutral Tandem Inc,IQNT
Nevada Gold & Casino,UWN
New England Bancshar,NEBS
New Frontier Media I,NOOF
New Hampshire Thrift,NHTB
New Jersey Res,NJR
New Mtn Fin Corp,NMFC
New York & Co Inc,NWY
New York Cmnty Banco,NYB
New York Mtg Tr Inc,NYMT
New York Times Co,NYT
Newbridge Bancorp,NBBC
Newcastle Invt Corp,NCT
Newell Rubbermaid In,NWL
Newfield Expl Co,NFX
Newlink Genetics Corp,NLNK
Newmarket Corp,NEU
Newmont Mng Corp Hld,NEM
Newpark Res Inc,NR
Newport Corp,NEWP
News Corp Ltd,NWSA
Newstar Financial In,NEWS
Newtek Cap Inc,NEWT
Nexstar Broadcasting,NXST
Nextera Energy Inc,NEE
Nexxus Lighting Inc,NEXS
Nic Inc,EGOV
Nicholas Financial I,NICK
Nii Hldgs Inc,NIHD
Nike Inc,NKE
Niska Gas Storage Partn,NKA
Nisource Inc,NI
Nl Inds Inc,NL
Nn Inc,NNBR
Noble Energy Inc,NBL
Noranda Alum Hldg Corp,NOR
Nordson Corp,NDSN
Nordstrom Inc,JWN
Norfolk Southern Cor,NSC
North Valley Bancorp,NOVB
Northeast Utils,NU
Northern Oil & Gas Inc,NOG
Northern Tech Intl C,NTIC
Northern Tr Corp,NTRS
Northfield Bancorp Inc,NFBK
Northrim Bancorp Inc,NRIM
Northrop Corp,NOC
Northstar Rlty Fin C,NRF
Northwest Bancshares In,NWBI
Northwest Biotherapeuti,NWBO
Northwest Nat Gas Co,NWN
Northwest Pipe Co,NWPX
Northwestern Corp,NWE
Norwood Financial Co,NWFL
Novabay Pharmaceuticals,NBY
Novadel Pharma Inc,NVDL
Novatel Wireless Inc,NVTL
Novavax Inc,NVAX
Nps Pharmaceuticals,NPSP
Nrg Energy Inc,NRG
Ntelos Hldgs Corp,NTLS
Ntn Communications I,NTN
Nu Skin Enterprises,NUS
Nuance Communication,NUAN
Nucor Corp,NUE
Numerex Corp N Y,NMRX
Nupathe Inc,PATH
Nustar Energy Lp,NS
Nustar Gp Holdings Llc,NSH
Nutraceutical Intl C,NUTR
Nutri Sys Inc New,NTRI
Nuvasive Inc,NUVA
Nv Energy Inc,NVE
Nve Corp,NVEC
Nvidia Corp,NVDA
Nvr Inc,NVR
Nxstage Medical Inc,NXTM
Nyse Euronext,NYX
O Reilly Automotive Inc,ORLY
Oaktree Cap Group Llc,OAK
Oasis Pete Inc New,OAS
Oba Finl Svcs Inc,OBAF
Obagi Medical Produc,OMPI
Occidental Pete Corp,OXY
Ocean Bio Chem Inc,OBCI
Ocean Pwr Technologies,OPTT
Ocean Shore Hldg Co New,OSHC
Oceaneering Intl Inc,OII
Oceanfirst Finl Corp,OCFC
Och Ziff Cap Mgmt Group,OZM
Oclaro Inc,OCLR
Oculus Innovative Sc,OCLS
Ocwen Finl Corp,OCN
Odyssey Marine Explo,OMEX
Office Depot Inc,ODP
Officemax Inc Del,OMX
Official Pmts Hldgs Inc,OPAY
Oge Energy Corp,OGE
Oil Dri Corp Amer,ODC
Oil Sts Intl Inc,OIS
Oiltanking Partners L P,OILT
Old Dominion Fght Li,ODFL
Old Natl Bancp Ind,ONB
Old Point Finl Corp,OPOF
Old Rep Intl Corp,ORI
Old Second Bancorp I,OSBC
Olin Corp,OLN
Olympic Steel Inc,ZEUS
Om Group Inc,OMG
Omega Flex Inc,OFLX
Omega Healthcare Inv,OHI
Omega Protein Corp,OME
Omeros Corp,OMER
Omniamerican Bancorp In,OABC
Omnicare Inc,OCR
Omnicell Inc,OMCL
Omnicom Group,OMC
Omnivision Technolog,OVTI
Omnova Solutions Inc,OMN
On Assignment Inc,ASGN
On Semiconductor Cor,ONNN
Oncogenex Pharmaceutica,OGXI
One Liberty Fireston,OLP
Onebeacon Insurance,OB
Oneida Finl Corp Md,ONFC
Oneok Inc New,OKE
Oneok Partners Lp,OKS
Online Res & Communi,ORCC
Onstream Media Corp,ONSM
Onvia Com Inc,ONVI
Onyx Pharmaceuticals,ONXX
Opentable Inc,OPEN
Opexa Therapeutics I,OPXA
Opko Health Inc,OPK
Oplink Communication,OPLK
Opnet Technologies I,OPNT
Oppenheimer Hldgs,OPY.Z
Opti Inc,OPTI
Optical Cable Corp,OCC
Optimer Pharmaceutic,OPTR
Oracle Systems Corp,ORCL
Orasure Technologies,OSUR
Orbcomm Inc,ORBC
Orbit Intl Corp,ORBT
Orbital Sciences Cor,ORB
Orbitz Worldwide Inc,OWW
Orchard Supply Hardware,OSH
Orchids Paper Prods,TIS
Orexigen Therapeutics I,OREX
Orient-Express Hotel,OEH
Oriental Finl Group,OFG
Orion Energy Systems In,OESX
Orion Marine Group Inc,ORN
Oritani Finl Corp Del,ORIT
Ormat Technologies I,ORA
Orthofix Intl N V,OFIX
Oshkosh Truck Corp,OSK
Osi Systems Inc,OSIS
Osiris Therapeutics,OSIR
Otter Tail Corp,OTTR
Outdoor Channel Hldg,OUTD
Overhill Farms Inc,OFI
Overland Storage Inc,OVRL
Overseas Shipholdng,OSG
Overstock Com Inc De,OSTK
Owens & Minor Inc Ne,OMI
Owens Corning New,OC
Owens Ill Inc,OI
Oxford Inds Inc,OXM
Oxford Resource Partner,OXF
Oxigene Inc,OXGN
Oyo Geospace Corp,OYOG
P A M Transn Svcs In,PTSI
P C Connection,PCCC
P&F Inds Inc,PFIN
Paa Nat Gas Storage L P,PNG
Paccar Inc,PCAR
Pacer Intl Inc Tenn,PACR
Pacific Biosciences Cal,PACB
Pacific Cap Bancorp New,PCBC
Pacific Coast Oil Tr,ROYT
Pacific Continental,PCBK
Pacific Ethanol Inc,PEIX
Pacific Mercantile B,PMBC
Pacific Office Pptys Tr,PCE
Pacific Premier Banc,PPBI
Pacific Sunwear Cali,PSUN
Pacira Pharmaceuticals,PCRX
Packaging Corp Amer,PKG
Pacwest Bancorp Del,PACW
Pain Therateutics In,PTIE
Palatin Technologies In,PTN
Pall Corp,PLL
Palomar Med Technolo,PMTI
Pandora Media Inc,P
Panera Bread Co,PNRA
Panhandle Royalty Co,PHX
Pantry Inc,PTRY
Papa Johns Intl Inc,PZZA
Par Pharmaceutical C,PRX
Par Technology Corp,PAR
Parametric Sound Corp,PAMT
Parametric Technolog,PMTC
Paramount Gold Minin,PZG
Parexel Intl Corp,PRXL
Park Electrochemical,PKE
Park Natl Corp,PRK
Park Ohio Hldgs Corp,PKOH
Parker Drilling Co,PKD
Parker Hannifin Corp,PH
Parkervision Inc,PRKR
Parkway Pptys Inc,PKY
Partnerre Ltd,PRE
Patrick Inds Inc,PATK
Patriot Natl Bancorp,PNBK
Patriot Transn Hldg,PATR
Patterson Companies,PDCO
Patterson Uti Energy,PTEN
Paychex Inc,PAYX
Pc Mall Inc,MALL
Pc-Tel Inc,PCTI
Pdc Energy Inc,PDCE
Pdf Solutions Inc,PDFS
Pdi Inc,PDII
Pdl Biopharma Inc,PDLI
Peabody Energy Corp,BTU
Peapack-Gladstone Fi,PGC
Pebblebrook Hotel Tr,PEB
Peerless Sys Corp,PRLS
Peets Coffee & Tea I,PEET
Pegasystems Inc,PEGA
Pendrell Corp,PCO
Penford Corp,PENX
Penn Natl Gaming Inc,PENN
Penn Va Corp,PVA
Penns Woods Bancorp,PWOD
Pennsylvania Rl Est,PEI
Pennymac Mtg Invt Tr,PMT
Penske Automotive Grp I,PAG
Penson Worldwide Inc,PNSN
Pentair Inds Inc,PNR
Peoples Bancorp Inc,PEBO
Peoples Bk N C,PEBK
Peoples Finl Corp Mi,PFBX
Peoples United Financia,PBCT
Pep Boys Manny Moe&J,PBY
Pepco Holdings Inc.,POM
Pepsico Inc,PEP
Perceptron Inc,PRCP
Peregrine Pharmaceutica,PPHM
Perficient Inc,PRFT
Performance Technolo,PTIX
Pericom Semiconducto,PSEM
Perkinelmer Inc,PKI
Perma-Fix Environmen,PESI
Pernix Therapeutics Hld,PTX
Perrigo Co,PRGO
Pervasive Software I,PVSW
Petmed Express Inc,PETS
Petrologistics Lp,PDH
Petroquest Energy In,PQ
Petsmart Inc,PETM
Pfizer Inc,PFE
Pfsweb Inc,PFSW
Pg&E Corp,PCG
Pgt Inc,PGTI
Pharmacyclics Inc,PCYC
Pharmathene Inc,PIP
Pharmerica Corp,PMC
Phazar Corp,ANTP
Phh Corp,PHH
Phi Inc,PHII.K
Philip Morris Intl Inc,PM
Phillips 66,PSX
Phoenix Cos Inc New,PNX
Photomedex Inc,PHMD
Photronic Labs Inc,PLAB
Physicians Formula H,FACE
Pico Hldgs Inc,PICO
Piedmont Nat Gas Inc,PNY
Piedmont Office Realty,PDM
Pier I Imports Inc,PIR
Pike Elec Corp,PIKE
Pilgrims Pride Corp New,PPC
Pinnacle Airl Corp,PNCL
Pinnacle Entmt Inc,PNK
Pinnacle Finl Partne,PNFP
Pinnacle West Cap Co,PNW
Pioneer Energy Svcs Cor,PES
Pioneer Nat Res Co,PXD
Pioneer Southwst Enrg P,PSE
Piper Jaffray Cos,PJC
Pitney Bowes Inc,PBI
Pixelworks Inc,PXLW
Pizza Inn Holdings Inc,PZZI
Plains All Amern Pip,PAA
Plains Expl & Prodtn,PXP
Planar Sys Inc,PLNR
Plantronics Inc New,PLT
Platinum Underwriter,PTP
Plc Sys Inc,PLCS.F
Plexus Corp,PLXS
Plug Power Inc,PLUG
Plum Creek Timber Co,PCL
Plumas Bancorp,PLBC
Plx Technology Inc,PLXT
Pmc Coml Tr,PCC
Pmc-Sierra Inc,PMCS
Pmfg Inc,PMFG
Pnc Financial Corp,PNC
Pnm Res Inc,PNM
Pokertek Inc,PTEK
Polaris Inds Inc,PII
Polycom Inc,PLCM
Polyone Corp,POL
Polypore Intl Inc,PPO
Pool Corporation,POOL
Pope Res Del Ltd Prt,POPE
Popular Inc,BPOP
Porter Bancorp Inc,PBIB
Portfolio Recovery A,PRAA
Portland Gen Elec Co,POR
Positiveid Corp,PSID
Positron Corp,POSC
Post Hldgs Inc,POST
Post Pptys Inc,PPS
Postrock Energy Corp,PSTR
Potlatch Corp New,PCH
Powell Inds Inc,POWL
Power Integrations I,POWI
Power One Inc New,PWER
Power Reit,PW
Powersecure Intl Inc,POWR
Powerwave Technologies,PWAV
Pozen Inc,POZN
Ppg Inds Inc,PPG
Ppl Corp,PPL
Praxair Inc,PX
Precision Castparts,PCP
Preferred Apt Cmntys In,APTS
Preferred Bk Los Angele,PFBC
Preformed Line Prods,PLPC
Premier Exibitions I,PRXI
Premier Finl Bancorp,PFBI
Premiere Global Svcs,PGI
Premierwest Bancorp,PRWT
Presidential Life Co,PLFE
Presstek Inc,PRST
Pressure Biosciences,PBIO
Prestige Brands Hldg,PBH
Prg-Schultz Internat,PRGX
Priceline Com Inc,PCLN
Pricesmart Inc,PSMT
Primeenergy Corp,PNRG
Primerica Inc,PRI
Primo Wtr Corp,PRMW
Primoris Svcs Corp,PRIM
Princeton Natl Banco,PNBC
Principal Financial,PFG
Privatebancorp Inc,PVTB
Pro-Dex Inc Colo,PDEX
Proassurance Corp,PRA
Procera Networks Inc,PKT
Procter & Gamble Co,PG
Progenics Pharmaceut,PGNX
Progress Software Co,PRGS
Progressive Corp Ohi,PGR
Prologis Inc,PLD
Proofpoint Inc,PFPT
Prophase Labs Inc,PRPH
Pros Holdings Inc,PRO
Prospect Global Res Inc,PGRX
Prosperity Bancshare,PB
Protalix Biotherapeu,PLX
Protective Life Corp,PL
Proto Labs Inc,PRLB
Providence Svc Corp,PRSC
Providence&Worcestr,PWX
Provident Finl Hldgs,PROV
Provident Finl Svcs,PFS
Provident New York B,PBNY
Prudential Finl Inc,PRU
Ps Business Pks Inc,PSB
Pss World Med Inc,PSSI
Psychemedics Corp,PMD
Public Storage Inc,PSA
Public Svc Enterpris,PEG
Pulaski Finl Corp,PULB
Pulse Electronics Corp,PULS
Pulte Homes Corp,PHM
Pure Bioscience Inc,PURE
Purecycle Corp,PCYO
Pvf Capital Corp,PVFC
Pvh Corp,PVH
Pvr Partners L P,PVR
Pyramid Oil Co,PDO
Pzena Investment Mgmt I,PZN
Qad Inc,QADB
Qc Hldgs Inc,QCCO
Qcr Holdings Inc,QCRH
Qep Res Inc,QEP
Qlik Technologies Inc,QLIK
Qlogic Corp,QLGC
Quad / Graphics Inc,QUAD
Quaker Chem Corp,KWR
Qualcomm Inc,QCOM
Quality Distr Inc Fl,QLTY
Quality Sys Inc,QSII
Qualstar Corp,QBAK
Quanex Building Product,NX
Quanta Svcs Inc,PWR
Quantum Fuel Sys Tech W,QTWW
Quantum-Dlt&Storage,QTM
Quest Diagnostics In,DGX
Quest Software Inc,QSFT
Questar Corp,STR
Questor Pharmaceutic,QCOR
Quicklogic Corp,QUIK
Quicksilver Resource,KWK
Quidel Corp,QDEL
Quiksilver Inc,ZQK
Quinstreet Inc,QNST
Rackspace Hosting Inc,RAX
Radian Group Inc,RDN
Radio One Inc,ROIA.K
Radioshack Corp,RSH
Radisys Corp,RSYS
Radnet Inc,RDNT
Railamerica Inc,RA
Rainmaker Systems,RMKR
Rait Financial Trust,RAS
Ralcorp Hldgs Inc Ne,RAH
Ralph Lauren Corp,RL
Rambus Inc Del,RMBS
Ramco-Gershenson Ppt,RPT
Ramtron Intl Corp,RMTR
Rand Aquisition Corp,RLOG
Range Res Corp,RRC
Raptor Pharmaceutical C,RPTP
Raven Inds Inc,RAVN
Raymond James Finl I,RJF
Rayonier Inc,RYN
Raytheon Co,RTN
Rbc Bearings Inc,ROLL
Rcm Technologies Inc,RCMT
Reachlocal Inc,RLOC
Reading Internationa,RDI
Real Goods Solar Inc,RSOL
Reald Inc,RLD
Realnetworks Inc,RNWK
Realpage Inc,RP
Realty Income Corp,O
Red Hat Inc,RHT
Red Lion Hotels Corp,RLH
Red Robin Gourmet Bu,RRGB
Redwood Tr Inc,RWT
Reeds Inc,REED
Regal Beloit Corp,RBC
Regal Entmt Group,RGC
Regency Ctrs Corp,REG
Regency Energy Partn,RGP
Regeneron Pharmaceut,REGN
Regenerx Biopharmace,RGRX
Regional Mgmt Corp,RM
Regions Finl Corp,RF
Regis Corp Minn,RGS
Reinsurance Group Amer,RGA
Reis Inc,REIS
Reliance Steel & Alu,RS
Reliv Intl Inc,RELV
Relm Wireless Corp,RWC
Remark Media Inc,MARK
Renaissance Re Hldgs,RNR
Renasant Corp,RNST
Renewable Energy Group,REGI
Rent A Ctr Inc New,RCII
Rentech Inc,RTK
Rentech Nitrogen Partne,RNF
Rentrak Corp,RENT
Repligen Corp,RGEN
Repros Therapeutics Inc,RPRX
Republic Awys Hldgs,RJET
Republic Bancorp Ky,RBCA.A
Republic First Banco,FRBK
Republic Svcs Inc,RSG
Research Frontiers C,REFR
Resmed Inc,RMD
Resolute Energy Corp,REN
Resource America Inc,REXI
Resource Cap Corp,RSO
Resources Connection,RECN
Response Genetics Inc,RGDX
Responsys Inc,MKTG
Retail Pptys Amer Inc,RPAI
Retractable Technolo,RVP
Revlon Inc,REV
Rex Energy Corporation,REXX
Rex Stores Corp,REX
Rexahn Pharmaceutica,RNN
Rexnord Corp New,RXN
Reynolds American In,RAI
Rf Inds Ltd,RFIL
Rf Microdevices Inc,RFMD
Rgc Res Inc,RGCO
Rhino Resources Partner,RNO
Richardson Electrs,RELL
Ricks Cabaret Intl I,RICK
Rigel Pharmaceutical,RIGL
Rignet Inc,RNET
Rimage Corp,RIMG
Rite Aid Corp,RAD
Riverbed Technology,RVBD
Riverview Bancorp In,RVSB
Rli Corp,RLI
Rlj Lodging Tr,RLJ
Roadrunner Trnsn Svcs H,RRTS
Robbins & Myers Inc,RBN
Robert Half Intl Inc,RHI
Rochester Med Corp,ROCM
Rock-Tenn Co,RKT
Rockville Finl New Inc,RCKB
Rockwell Automation,ROK
Rockwell Collins Inc,COL
Rockwell Medical Tec,RMTI
Rockwood Hldgs Inc,ROC
Rocky Brands Inc,RCKY
Rocky Mnt Chocolate,RMCF
Rofin Sinar Technolo,RSTI
Rogers Corp,ROG
Rollins Inc,ROL
Roma Financial Corp,ROMA
Roper Inds Inc New,ROP
Rose Rock Midstream L P,RRMS
Rosetta Resources In,ROSE
Rosetta Stone Inc,RST
Ross Stores Inc,ROST
Rotech Healthcare In,ROHI
Roundys Inc,RNDY
Rouse Pptys Inc,RSE
Rovi Corp,ROVI
Rowan Companies Plc,RDC
Royal Bancshares Pa,RBPA.A
Royal Caribbean Crui,RCL
Royal Gold Inc,RGLD
Royale Energy Inc,ROYL
Rpc Inc,RES
Rpm International,RPM
Rpx Corp,RPXC
Rti Biologics Inc,RTIX
Rti Intl Metals Inc,RTI
Rubicon Technology Inc,RBCN
Ruby Tuesday Inc,RT
Rudolph Technologies,RTEC
Rue21 Inc,RUE
Rurban Finl Corp,RBNF
Rush Enterpises Inc,RUSH.A
Ruths Chris Steak Hs,RUTH
Ryder Sys Inc,R
Ryland Group Inc,RYL
S & T Bancorp Inc,STBA
S Y Bancorp Inc,SYBT
Saba Software Inc,SABA
Sabra Health Care Reit,SBRA
Safeguard Scientifics I,SFE
Safety Ins Group Inc,SAFT
Safeway Inc,SWY
Saga Communications Inc,SGA
Sagent Pharmaceuticals,SGNT
Saia Inc,SAIA
Saic Inc,SAI
Saks Inc,SKS
Salem Communications,SALM
Salesforce Com Inc,CRM
Salix Pharmaceutical,SLXP
Sally Beauty Hldgs I,SBH
Sanchez Energy Corp,SN
Sanderson Farms Inc,SAFM
Sandisk Corp,SNDK
Sandridge Energy Inc,SD
Sandridge Mississippian,SDT
Sandy Spring Bancorp,SASR
Sanfilippo John B &,JBSS
Sangamo Biosciences,SGMO
Sanmina Sci Corp,SANM
Santarus Inc,SNTS
Sapient Corp,SAPE
Sarepta Therapeutics In,SRPT
Satcon Technology Corp,SATC
Sauer-Danfoss Inc,SHS
Saul Ctrs Inc,BFS
Savannah Bancorp Inc,SAVB
Savient Pharmaceutic,SVNT
Sba Communications C,SBAC
Scana Corp New,SCG
Scansource Inc,SCSC
Scbt Financial Corp,SCBT
Schawk Inc,SGK
Schein Henry Inc,HSIC
Schiff Nutrition Int,SHF
Schlumberger Ltd,SLB
Schnitzer Stl Inds,SCHN
Scholastic Corp,SCHL
School Specialty Inc,SCHS
Schulman A Inc,SHLM
Schwab Charles Cp Ne,SCHW
Schweitzer-Mauduit I,SWM
Sciclone Pharmaceuti,SCLN
Scientific Games Cor,SGMS
Scientific Learning,SCIL
Sciquest Inc New,SQI
Scolr Inc,SCLR
Scotts Co,SMG
Scripps E W Co Ohio,SSP
Scripps Networks Intera,SNI
Seaboard Corp,SEB
Seabright Insurance,SBX
Seachange Intl Inc,SEAC
Seacoast Bkg Corp Fl,SBCF
Seacor Hldgs Inc,CKH
Seacube Container Leasi,BOX
Sealed Air Corp New,SEE
Sealy Corp,ZZ
Sears Hldgs Corp,SHLD
Seattle Genetics Inc,SGEN
Security Natl Finl C,SNFC.A
Sed Intl Hldgs Inc,SED
Sei Corp,SEIC
Select Comfort Corp,SCSS
Select Income Reit,SIR
Select Med Hldgs Corp,SEM
Selectica Inc,SLTC
Selective Ins Group,SIGI
Semgroup Corp,SEMG
Sempra Energy,SRE
Semtech Corp,SMTC
Seneca Foods Corp Ne,SENE.A
Senesco Technologies,SNT
Senior Hsg Pptys Tr,SNH
Senomyx Inc,SNMX
Sensient Technologie,SXT
Sequenom Inc,SQNM
Service Corp Intl,SCI
Servicenow Inc,NOW
Servicesource Intl Llc,SREV
Severn Bancorp  Anna,SVBI
Shaw Group Inc,SHAW
Shenandoah Telecommu,SHEN
Sherwin Williams Co,SHW
Shiloh Inds Inc,SHLO
Ship Finance Interna,SFL
Shoe Carnival Inc,SCVL
Shore Bancshares Inc,SHBI
Shoretel Inc,SHOR
Shuffle Master Inc,SHFL
Shutterfly Inc,SFLY
Si Finl Group Inc Md,SIFI
Sierra Bancorp,BSRR
Sifco Inds Inc,SIF
Siga Pharmaceuticals,SIGA
Sigma Aldrich Corp,SIAL
Sigma Designs Inc,SIGM
Sigmatron Intl Inc,SGMA
Signature Bk New Yor,SBNY
Signet Jewelers Limited,SIG
Silgan Holdings Inc,SLGN
Silicon Graphics Intl C,SGI
Silicon Image Inc,SIMG
Silicon Laboratories,SLAB
Silver Bull Res Inc,SVBL
Simmons First Nation,SFNC
Simon Ppty Group Inc,SPG
Simpson Manufacturin,SSD
Simulations Plus Inc,SLP
Sinclair Broadcast G,SBGI
Sirius Xm Radio Inc,SIRI
Sirona Dental System,SIRO
Six Flags Entmt Corp Ne,SIX
Sjw Corp,SJW
Skechers U S A Inc,SKX
Skilled Healthcare Grou,SKH
Skullcandy Inc,SKUL
Skyline Corp,SKY
Skywest Inc,SKYW
Skyworks Solutions I,SWKS
Sl Green Rlty Corp,SLG
Sl Inds Inc,SLI
Slm Corp,SLM
Sm Energy Co,SM
Smart Balance Inc,SMBL
Smf Energy Corporation,FUEL
Smith & Wesson Hldg,SWHC
Smith A O Corp  'b',AOS
Smith Micro Software,SMSI
Smithfield Foods Inc,SFD
Smucker J M Co,SJM
Snap On Tools Corp,SNA
Snyders-Lance Inc,LNCE
Socket Mobile Inc,SCKT
Solarwinds Inc,SWI
Solazyme Inc,SZYM
Solera Holdings Inc,SLH
Soligenix Inc,SNGX
Solitario Expl & Rty Co,XPL
Solta Med Inc,SLTM
Somaxon Pharmaceutic,SOMX
Sonic Automotive Inc,SAH
Sonic Corp,SONC
Sonic Fdry Inc,SOFO
Sonoco Prods Co,SON
Sonus Networks Inc,SONS
Sothebys Hldgs Inc,BID
Sourcefire Inc,FIRE
South Jersey Inds In,SJI
Southcoast Financial,SOCB
Southern Cmnty Finl,SCMF
Southern Co,SO
Southern Copper Corp,SCCO
Southern Mo Bancorp,SMBC
Southern Natl Bancor,SONA
Southside Bancshares,SBSI
Southwest Airls Co,LUV
Southwest Bancorp In,OKSB
Southwest Gas Corp,SWX
Southwestern Energy,SWN
Sovran Self Storage,SSS
Span Amer Med Sys In,SPAN
Spanish Broadcasting Sy,SBSA
Spansion Inc,CODE
Spar Group Inc,SGRP
Spark Networks Inc,LOV
Spartan Mtrs Inc,SPAR
Spartan Stores Inc,SPTN
Spartech Corp,SEH
Sparton Corp,SPA
Spectra Energy Corp,SE
Spectra Energy Partners,SEP
Spectranetics Corp,SPNC
Spectrum Pharmaceuti,SPPI
Speedway Motorsports,TRK
Spherix Inc,SPEX
Spire Corp,SPIR
Spirit Aerosystems H,SPR
Spirit Airls Inc,SAVE
Splunk Inc,SPLK
Sport Chalet Inc,SPCH.A
Sprint Nextel Corp,S
Sps Comm Inc,SPSC
Spx Corp,SPW
Ss&C Technologies Hldgs,SSNC
St Joe Corp,JOE
St Jude Med Inc,STJ
Staar Surgical Co,STAA
Stag Indl Inc,STAG
Stage Stores Inc,SSI
Stamps Com Inc,STMP
Stancorp Finl Group,SFG
Standard Microsystem,SMSC
Standard Mtr Prods,SMP
Standard Pac Corp Ne,SPF
Standard Parking Cor,STAN
Standard Register Co,SR
Standex Intl Corp,SXI
Stanley Black & Decker,SWK
Stanley Furniture In,STLY
Staples Inc,SPLS
Star Gas Partners L,SGU
Star Scientific Inc,STSI
Starbucks Corp,SBUX
Starrett L S Co,SCX
Startek Inc,SRT
Starwood Hotels&Reso,HOT
Starwood Ppty Tr Inc,STWD
State Auto Finl Corp,STFC
State Bk Finl Corp,STBZ
State Str Corp,STT
Stec Inc,STEC
Steel Dynamics Inc,STLD
Steelcase Inc,SCS
Stein Mart Inc,SMRT
Steiner Leisure Ltd,STNR
Steinway Musical Ins,LVB
Stellarone Corp,STEL
Stemcells Inc,STEM
Stepan Chem Co,SCL
Stereotaxis Inc,STXS
Stericycle Inc,SRCL
Steris Corp,STE
Sterling Bancorp,STL
Sterling Constructio,STRL
Sterling Finl Corp Wash,STSA
Stewart Enterprises,STEI
Stewart Information,STC
Stifel Finl Corp,SF
Stillwater Mng Co,SWC
Stone Energy Corp,SGY
Stonemor Partners L,STON
Stoneridge Inc,SRI
Str Hldgs Inc,STRI
Stratasys Inc,SSYS
Strategic Diagnostic,SDIX
Strategic Hotel Cap,BEE
Strattec Sec Corp,STRT
Stratus Pptys Inc,STRS
Strayer Ed Inc,STRA
Streamline Health So,STRM
Stryker Corp,SYK
Sturm Ruger & Co Inc,RGR
Suburban Propane Par,SPH
Sucampo Pharmaceuticals,SCMP
Suffolk Bancorp,SUBK
Summit Financial Gro,SMMF
Summit Hotel Pptys Inc,INN
Sun Bancorp Inc,SNBC
Sun Communities Inc,SUI
Sun Healthcare Group In,SUNH
Sun Hydraulics Corp,SNHY
Suncoke Energy Inc,SXC
Sunesis Pharmaceuticals,SNSS
Sunlink Health Syste,SSY
Sunoco Inc,SUN
Sunoco Logistics Prt,SXL
Sunpower Corp,SPWR
Sunrise Senior Livin,SRZ
Sunstone Hotel Invs,SHO
Suntrust Bks Inc,STI
Super Micro Computer In,SMCI
Superconductor Techn,SCON
Superior Energy Svcs,SPN
Superior Inds Intl,SUP
Superior Uniform Grp,SGC
Supernus Pharmaceutical,SUPN
Supertel Hospitality,SPPR
Supertex Inc,SUPX
Supervalu Inc,SVU
Support Com Inc,SPRT
Supreme Inds Inc,STS
Surmodics Inc,SRDX
Susquehanna Bkshs Pa,SUSQ
Susser Hldgs Corp,SUSS
Sutron Corp,STRN
Svb Finl Group,SIVB
Swift Energy Co,SFY
Swift Transn Co,SWFT
Swisher Hygiene Inc,SWSH
Sws Group Inc,SWS
Sycamore Networks Inc,SCMR
Sykes Enterprises In,SYKE
Symantec Corp,SYMC
Symetra Finl Corp,SYA
Symmetricom Inc,SYMM
Symmetry Med Inc,SMA
Synageva Biopharma Corp,GEVA
Synalloy Corp,SYNL
Synaptics Inc,SYNA
Synchronoss Technolo,SNCR
Synergetics Usa Inc,SURG
Synergy Pharmaceuticals,SGYP
Synnex Corp,SNX
Synopsys Inc,SNPS
Synovus Finl Corp,SNV
Synta Pharmaceutical,SNTA
Syntel Inc,SYNT
Synthesis Energy Sys,SYMX
Synthetic Biologics Inc,SYN
Syntroleum Corp,SYNM
Sypris Solutions Inc,SYPR
Sysco Corp,SYY
Systemax Inc,SYX
T.Rowe Price Group I,TROW
Take-Two Interactive,TTWO
Tal Intl Group Inc,TAL
Talbots Inc,TLB
Talon Therapeutics Inc,TLON
Tandy Brands Accesso,TBAC
Tandy Leather Factor,TLF
Tanger Factory Outle,SKT
Tangoe Inc,TNGO
Targa Res Corp,TRGP
Targa Resources Part,NGLS
Targacept Inc,TRGT
Target Corp,TGT
Taser Intl Inc,TASR
Taubman Ctrs Inc,TCO
Taylor Cap Group Inc,TAYC
Taylor Devices Inc,TAYD
Tc Pipelines Lp,TCP
Tcf Bkg & Svgs Fa Mi,TCB
Td Ameritrade Hldg C,AMTD
Team Health Holdings In,TMH
Team Inc,TISI
Teavana Hldgs Inc,TEA
Tech Data Corp,TECD
Teche Hldg Co,TSH
Techne Corp,TECH
Technical Communicat,TCCO
Techtarget Inc,TTGT
Teco Energy Inc,TE
Tecumseh Prods Co,TECU.A
Teekay Lng Partners,TGP
Teekay Shipping Mars,TK
Tegal Corp,TGAL
Tejon Ranch Co,TRC
Telecommunications S,TSYS
Teledyne Technologie,TDY
Teleflex Inc,TFX
Telenav Inc,TNAV
Telephone & Data Sys In,TDS
Teletech Holdings In,TTEC
Telik Inc,TELK
Tellabs Inc,TLAB
Telular Corp,WRLS
Tempur Pedic Intl In,TPX
Tenet Healthcare Cor,THC
Tengasco Inc,TGC
Tengion Inc,TNGN
Tennant Co,TNC
Tenneco Automotive I,TEN
Teradata Corp Del,TDC
Teradyne Inc,TER
Terex Corp New,TEX
Terra Nitrogen Co L,TNH
Terreno Rlty Corp,TRNO
Territorial Bancorp Inc,TBNK
Tesaro Inc,TSRO
Tesco Corp,TESO
Tesla Mtrs Inc,TSLA
Tesoro Logistics Lp,TLLP
Tesoro Pete Corp,TSO
Tessco Technologies,TESS
Tessera Technologies,TSRA
Tetra Tech Inc New,TTEK
Tetra Technologies I,TTI
Texas Capital Bancsh,TCBI
Texas Inds Inc,TXI
Texas Instrs Inc,TXN
Texas Roadhouse Inc,TXRH
Textainer Group Holding,TGH
Textron Inc,TXT
Tfs Finl Corp,TFSL
Tgc Inds Inc,TGE
Theragenics Corp,TGX
Theravance Inc,THRX
Thermo Fisher Scientifi,TMO
Thermogenesis Corp,KOOL
Thermon Group Hldgs Inc,THR
Thestreet Com,TST
Thomas Pptys Group I,TPGI
Thor Inds Inc,THO
Thoratec Corp.,THOR
Thq Inc,THQI
Threshold Pharmaceutica,THLD
Tib Finl Corp,TIBB
Tibco Software Inc,TIBX
Tidewater Inc.,TDW
Tiffany & Co New,TIF
Tigerlogic Corporation,TIGR
Tii Inds Inc,TIII
Tillys Inc,TLYS
Timberland Bancorp I,TSBK
Timberline Res Corp,TLR
Time Warner Cable Inc,TWC
Time Warner Inc,TWX
Timken Co,TKR
Titan Intl Inc Ill,TWI
Titan Machy Inc,TITN
Titanium Metals Corp,TIE
Tivo Inc,TIVO
Tjx Cos Inc New,TJX
Tms Intl Corp,TMS
Tns Inc,TNS
Toll Brothers Inc,TOL
Tompkins Cnty Trustc,TMP
Tootsie Roll Inds In,TR
Tor Minerals Intl Inc,TORM
Torchmark Corp,TMK
Toro Co,TTC
Total Sys Svcs Inc,TSS
Tower Group Inc,TWGP
Tower Intl Inc,TOWR
Towers Watson & Co,TW
Towerstream Corp,TWER
Town Sports Intl Hld,CLUB
Townebank Portsmouth,TOWN
Tractor Supply Co,TSCO
Trans World Entmt Co,TWMC
Trans1 Inc,TSON
Transact Technologie,TACT
Transcept Pharmaceutica,TSPT
Transdigm Group Inc,TDG
Transgenomic Inc,TBIO
Transmontaigne Partn,TLP
Transwitch Corp,TXCC
Tranzyme Inc,TZYM
Travelcenters Of Ame,TA
Travelers Companies,TRV
Travelzoo Inc,TZOO
Trc Cos Inc,TRR
Tredegar Inds Inc,TG
Tree Com Inc,TREE
Treehouse Foods Inc,THS
Trex Inc,TREX
Tri Vy Corp,TIV
Triad Gty Inc,TGIC
Trico Bancshares,TCBK
Trimas Corp,TRS
Trimble Navigation L,TRMB
Trinity Inds Inc,TRN
Tripadvisor Inc,TRIP
Triple-S Mgmt Corp,GTS
Triquint Semiconduct,TQNT
Triumph Group Inc Ne,TGI
Trius Therapeutics Inc,TSRX
Trovagene Inc,TROV
True Religion Appare,TRLG
Trueblue Inc,TBI
Trustco Bk Corp N Y,TRST
Trustmark Corp,TRMK
Trw Automotive Hldgs,TRW
Ttm Technologies  In,TTMI
Tuesday Morning Corp,TUES
Tumi Hldgs Inc,TUMI
Tupperware Corp,TUP
Tutor Perini Corp,TPC
Tw Telecom Inc,TWTC
Twin Disc Inc,TWIN
Tyler Technologies I,TYL
Tyson Foods Inc,TSN
U M H Properties Inc,UMH
U S Airways Group In,LCC
U S Concrete Inc,USCR
U S Energy Corp Wyo,USEG
U S G Corp,USG
U S Geothermal Inc,HTM
U S Global Invs Inc,GROW
U S Home Sys Inc,USHS
U S Physical Therapy,USPH
U.S. Auto Parts Netw,PRTS
Ubiquiti Networks Inc,UBNT
Udr Inc,UDR
Ufp Technologies Inc,UFPT
Ugi Corp New,UGI
Uil Hldg Corp,UIL
Ulta Salon Cosmetcs & F,ULTA
Ultimate Software Gr,ULTI
Ultra Clean Hldgs In,UCTT
Ultra Pete Corp,UPL
Ultralife Batteries,ULBI
Ultratech Inc,UTEK
Uluru Inc,ULU
Umb Finl Corp,UMBF
Umpqua Hldgs Corp,UMPQ
Under Armour Inc,UA
Unifi Inc,UFI
Unifirst Corp Mass,UNF
Unigene Labs Inc,UGNE
Union Bancshares Inc,UNB
Union Drilling Inc,UDRL
Union First Mkt Banksh,UBSH
Union Pac Corp,UNP
Unisys Corp,UIS
Unit Corp,UNT
United Bancorp Inc O,UBCP
United Bankshs Inc W,UBSI
United Cmnty Bks Blairs,UCBI
United Cmnty Finl Co,UCFC
United Contl Hldgs Inc,UAL
United Financial Bancor,UBNK
United Fire Group Inc,UFCS
United Guardian Inc,UG
United Nat Foods Inc,UNFI
United Online Inc,UNTD
United Parcel Servic,UPS
United Rentals Inc,URI
United Sec Bancshare,USBI
United Security Banc,UBFO
United States Cellul,USM
United States Lime &,USLM
United States Stl Co,X
United Stationers In,USTR
United Technologies,UTX
United Therapeutics,UTHR
Unitedhealth Group I,UNH
Unitek Global Svcs Inc,UNTK
Unitil Corp,UTL
Unity Bancorp Inc,UNTY
Universal Amern Spin Co,UAM
Universal Corp,UVV
Universal Display Co,PANL
Universal Electrs In,UEIC
Universal Fst Prods,UFPI
Universal Health Rlt,UHT
Universal Health Svc,UHS
Universal Ins Hldgs,UVE
Universal Power Grou,UPG
Universal Sec Instrs,UUU
Universal Stainless,USAP
Universal Technical,UTI
Universal Truckload,UACL
Univest Corp Pa,UVSP
Uns Energy Corp,UNS
Unumprovident Corp,UNM
Unwired Planet Inc New,UPIP
Uqm Technologies Inc,UQM
Uranerz Energy Corpo,URZ
Uranium Energy Corp,UEC
Uranium Res Inc,URRE
Urban Outfitters Inc,URBN
Urologix Inc,ULGX
Uroplasty Inc,UPI
Urs Corp New,URS
Urstadt Biddle Pptys,UBP
Urstadt Biddle Pptys,UBA
US Bancorp Del,USB
US Ecology Inc,ECOL
USA Mobility Inc,USMO
USA Technologies Inc,USAT
USA Truck Inc,USAK
USANA Inc,USNA
USEC Inc,USU
Utah Med Prods Inc,UTMD
Uti Worldwide Inc,UTIW
Utstarcom Holdings Corp,UTSI
V F Corp,VFC
Vaalco Energy Inc,EGY
Vail Resorts Inc,MTN
Valassis Communicati,VCI
Valence Technology I,VLNC
Valero Energy Corp N,VLO
Valhi Inc New,VHI
Validus Holdings Ltd,VR
Valley Natl Bancorp,VLY
Valmont Inds Inc,VMI
Valspar Corp,VAL
Value Line Inc,VALU
Valueclick Inc,VCLK
Valuevision Intl Inc,VVTV
Vanda Pharmaceutical,VNDA
Vanguard Health Sys Inc,VHS
Vantage Drilling Compan,VTG
Vantiv Inc,VNTV
Varian Med Sys Inc,VAR
Vasco Data Sec Intl,VDSI
Vascular Solutions I,VASC
Vca Antech Inc,WOOF
Vector Group Ltd,VGR
Vectren Corp,VVC
Veeco Instrs Inc Del,VECO
Venoco Inc,VQ
Ventas Inc,VTR
Ventrus Biosciences Inc,VTUS
Vera Bradley Inc,VRA
Verastem Inc,VSTM
Verenium Corp,VRNM
Verifone Hldgs Inc,PAY
Verint Sys Inc,VRNT
Verisign Inc,VRSN
Verisk Analytics Inc,VRSK
Verizon Communications,VZ
Vermillion Inc,VRML
Versant Corp,VSNT
Versar Inc,VSR
Verso Paper Corp,VRS
Vertex Pharmaceutica,VRTX
Vestin Rlty Mtg Ii Inc,VRTB
Viacom Inc New -B,VIAB
Viad Corp,VVI
Viasat Inc,VSAT
Viasystems Group Inc,VIAS
Vical Inc,VICL
Vicor Corp,VICR
Video Display Corp,VIDE
Viewcast Com Inc,VCST
Viewpoint Finl Group In,VPFG
Village Super Mkt In,VLGE.A
Virco Mfg Co,VIRC
Virgin Media Inc,VMED
Virginia Comm Bancor,VCBI
Virnetx Holding Corp,VHC
Viropharma Inc,VPHM
Virtualscopics Inc,VSCP
Virtus Invt Partners In,VRTS
Virtusa Corp,VRTU
Visa Inc,V
Vishay Intertechnolo,VSH
Vishay Precision Group,VPG
Vision-Sciences Inc,VSCI
Vist Financial Corp,VIST
Vista Gold Corp,VGZ
Visteon Corp,VC
Vitacost Com Inc,VITC
Vitamin Shoppe Inc,VSI
Vitesse Semiconductor C,VTSS
Vivus Inc,VVUS
Vmware Inc,VMW
Voc Energy Tr,VOC
Vocera Communications I,VCRA
Vocus Inc,VOCS
Volcano Corporation,VOLC
Volterra Semiconduct,VLTR
Vonage Hldgs Corp,VG
Vornado Rlty Tr,VNO
Voxx Intl Corp,VOXX
Voyager Oil & Gas Inc,VOG
Vse Corp,VSEC
Vulcan Matls Co,VMC
W & T Offshore Inc,WTI
W P Carey & Co Llc,WPC
Wabash Natl Corp,WNC
Wabco Hldgs Inc,WBC
Wabtec Corp,WAB
Waddell & Reed Finl,WDR
Wageworks Inc,WAGE
Wal Mart Stores Inc,WMT
Walgreen Co,WAG
Walker & Dunlop Inc,WD
Walter Inds Inc,WLT
Walter Invt Mgmt Corp,WAC
Warnaco Group Inc,WRC
Warren Res Inc,WRES
Warwick Valley Tel C,WWVY
Washington Bkg Co Oa,WBCO
Washington Fed Inc,WAFD
Washington Post Co,WPO
Washington Real Esta,WRE
Washington Tr Bancor,WASH
Waste Connections In,WCN
Waste Mgmt Inc Del,WM
Waters Corp,WAT
Waterstone Financial In,WSBF
Watsco Inc,WSO
Watson Pharmaceutica,WPI
Watts Water Tech,WTS
Wausau-Mosinee Paper,WPP
Wave Systems Corp,WAVX
Wayside Technology G,WSTG
Wd 40 Co,WDFC
Web Com Group Inc,WWWW
Webmd Health Corp,WBMD
Webmediabrands Inc,WEBM
Websense Inc,WBSN
Webster Finl Corp Co,WBS
Weight Watchers Intl,WTW
Weingarten Realty In,WRI
Weis Mkts Inc,WMK
Wellcare Group Inc,WCG
Wellpoint Inc,WLP
Wells Fargo & Co New,WFC
Wells Gardner Electr,WGA
Wendys Co,WEN
Werner Enterprises I,WERN
Wesbanco Inc,WSBC
Wesco Aircraft Hldgs In,WAIR
Wesco Intl Inc,WCC
West Bancorporation,WTBA
West Coast Bancorp Ore,WCBO
West Marine Inc,WMAR
West Pharmaceutical,WST
Westamerica Bancorp,WABC
Westar Energy Inc,WR
Westell Technologies,WSTL
Western Alliance Ban,WAL
Western Asset Mtg Cap C,WMC
Western Digital Corp,WDC
Western Gas Partners Lp,WES
Western Refng Inc,WNR
Western Un Co,WU
Westfield Financial,WFD
Westinghouse Solar,WEST
Westlake Chem Corp,WLK
Westmoreland Coal Co,WLB
Westwood Hldgs Group,WHG
Wet Seal Inc,WTSL.A
Weyenberg Shoe Mfg,WEYS
Weyerhaeuser Co,WY
Wgl Hldgs Inc,WGL
Whirlpool Corp,WHR
White Mtns Ins Group,WTM
White River Capital,RVR
Whitestone Reit,WSR
Whiting Pete Corp Ne,WLL
Whole Foods Mkt Inc,WFM
Widepoint Corp,WYY
Wiley John & Sons In,JW.A
Wilhelmina Intl Inc,WHLM
Willamette Vy Vineya,WVVI
Willdan Group Inc,WLDN
Willi G Food Intl Lt,WILC
Williams Clayton Ene,CWEI
Williams Cos,WMB
Williams Ctls Inc,WMCO
Williams Partners L,WPZ
Williams Sonoma Inc,WSM
Willis Lease Finance,WLFC
Wilshire Bancorp Inc,WIBC
Windstream Corp,WIN
Winmark Corp,WINA
Winnebago Inds Inc,WGO
Winthrop Rlty Tr,FUR
Wintrust Financial C,WTFC
Wireless Ronin Techn,RNIN
Wireless Telecom Gro,WTT
Wisconsin Energy Cor,WEC
Wizzard Software Corp N,WZE
Wms Industries Inc,WMS
Wolverine World Wide,WWW
Woodward Governor Co,WWD
World Accep Corp Del,WRLD
World Fuel Svcs Corp,INT
World Wrestling Entr,WWE
Worthington Inds Inc,WOR
Wpcs Intl Inc,WPCS
Wpx Energy Inc,WPX
Wright Express Corp,WXS
Wright Med Group Inc,WMGI
Wsfs Finl Corp,WSFS
Wsi Inds Inc,WSCI
Wyndham Worldwide Co,WYN
Wynn Resorts Ltd,WYNN
Xcel Energy Inc,XEL
Xenonics Hldgs Inc,XNNH
Xenoport Inc,XNPT
Xerium Technologies Inc,XRM
Xerox Corp,XRX
Xilinx Inc,XLNX
Xo Group Inc,XOXO
Xoma Corp Del,XOMA
Xpo Logistics Inc,XPO
Xrs Corp,XRSC
Xylem Inc,XYL
Yadkin Valley Financ,YAVY
Yahoo Inc,YHOO
Yelp Inc,YELP
York Wtr Co,YORW
Young Innovations In,YDNT
Yrc Worldwide Inc,YRCW
Yum Brands Inc,YUM
Zale Corp New,ZLC
Zalicus Inc,ZLCS
Zaza Energy Corp,ZAZA
Zbb Energy Corporation,ZBB
Zebra Technologies C,ZBRA
Zeltiq Aesthetics Inc,ZLTQ
Zep Inc,ZEP
Zhone Technologies Inc,ZHNE
Zillow Inc,Z
Zimmer Hldgs Inc,ZMH
Zion Oil & Gas Inc,ZN
Zions Bancorp,ZION
Ziopharm Oncology In,ZIOP
Zipcar Inc,ZIP
Ziprealty Inc,ZIPR
Zix Corp,ZIXI
Zogenix Inc,ZGNX
Zoltek Cos Inc,ZOLT
Zoom Technologies Inc D,ZOOM
Zumiez Inc,ZUMZ
Zygo Corp,ZIGO
Zynga Inc,ZNGA
